name,cls,file,line,refs
onWrite,,ho/Bluetooth.cpp,413,1
onRead,,ho/Bluetooth.cpp,439,1
onStatus,,ho/Bluetooth.cpp,464,1
fillStripePattern,,ho/G2_Glasses.cpp,12063,1
cmd_ringtoglasses,,ho/G2_Ring.cpp,1525,1
cmd_ringbridge,,ho/G2_Ring.cpp,1696,1
getQueryParam,,ho/HardwareOne.cpp,608,1
buildUserSessionsJson,,ho/HardwareOne.cpp,645,1
exitHelpAndExecute,,ho/HardwareOne.cpp,1101,1
cmd_downloadautomation,,ho/HardwareOne.cpp,1144,1
cmd_conditional,,ho/HardwareOne.cpp,1149,1
autoGatherCallback,,ho/OLED_Mode_Automations.cpp,102,1
sourceLabel,,ho/OLED_Mode_FileBrowser.cpp,193,1
systemStatusInputHandler,,ho/OLED_Mode_System.cpp,249,1
forceSettingsModeLink,,ho/OLED_SettingsEditor.cpp,677,1
getBluetoothActionText,,ho/OLED_Utils.cpp,2274,1
getRegisteredOLEDModes,,ho/OLED_Utils.cpp,2905,1
isRemoteCommandInputActive,,ho/OLED_Utils.cpp,4522,1
completeRemoteCommandInput,,ho/OLED_Utils.cpp,4534,1
getPreviousOLEDMode,,ho/OLED_Utils.cpp,5245,1
minNextAtAcrossTriggers,,ho/System_Automation.cpp,2387,1
setEspNowPassphrase,,ho/System_ESPNow.cpp,693,1
sendTextMessage,,ho/System_ESPNow.cpp,899,1
broadcast_tracker_init,,ho/System_ESPNow.cpp,1085,1
meshByLabel,,ho/System_ESPNow.cpp,1183,1
v4_send_time_sync,,ho/System_ESPNow.cpp,2225,1
v4_send_file_response,,ho/System_ESPNow.cpp,2582,1
shouldUseMesh,,ho/System_ESPNow.cpp,5154,1
broadcastMetadataToMesh,,ho/System_ESPNow.cpp,6539,1
updatePeerMetaFromWorkerStatus,,ho/System_ESPNow.cpp,6612,1
bufferPeerMessage,,ho/System_ESPNow.cpp,6816,1
forwardTopologyPeer,,ho/System_ESPNow.cpp,6836,1
isValidMeshLabel,,ho/System_ESPNow.cpp,11390,1
cmd_espnow_bigsend,,ho/System_ESPNow.cpp,12673,1
isComplete,,ho/System_ESPNow.h,619,1
reassemble,,ho/System_ESPNow.h,624,1
shouldStreamSensorToRemote,,ho/System_ESPNow.h,1152,1
phraseMatches,,ho/System_ESPSR.cpp,585,1
findCommandForCategoryTarget,,ho/System_ESPSR.cpp,593,1
categoryHasTargets,,ho/System_ESPSR.cpp,641,1
findCommandForCategorySubCategoryTarget,,ho/System_ESPSR.cpp,774,1
srSnipDeinit,,ho/System_ESPSR.cpp,1313,1
streamEdgeImpulseSensorCard,,ho/System_EdgeImpulse_Web.h,18,1
wireForBus,,ho/System_I2C.cpp,1191,1
scanBusForDevices,,ho/System_I2C.cpp,1196,1
i2cDeviceSuccess,,ho/System_I2C.h,344,1
i2cDeviceError,,ho/System_I2C.h,351,1
i2cBusRecovery,,ho/System_I2C.h,376,1
getActiveDeviceCount,,ho/System_I2C_Manager.h,219,1
sort,std,ho/System_ImageManager.cpp,446,1
isMqttTofConnected,,ho/System_MQTT.cpp,163,1
ps_try_malloc,,ho/System_MemUtil.h,63,1
ps_try_calloc,,ho/System_MemUtil.h,77,1
ps_try_realloc,,ho/System_MemUtil.h,90,1
ps_new,,ho/System_MemUtil.h,240,1
ps_delete,,ho/System_MemUtil.h,247,1
deallocate,,ho/System_MemUtil.h,298,1
reallocate,,ho/System_MemUtil.h,302,1
getPsramBuffer1K,,ho/System_MemUtil.h,351,1
getPsramBuffer2K,,ho/System_MemUtil.h,356,1
getPsramBuffer4K,,ho/System_MemUtil.h,361,1
streamMicrophoneSensorCSS,,ho/System_Microphone_Web.h,255,1
printSerialFeaturePage,,ho/System_SetupWizard.cpp,903,1
printSerialNetworkPage,,ho/System_SetupWizard.cpp,922,1
printSerialSystemPage,,ho/System_SetupWizard.cpp,940,1
macToPathTokenStr,,ho/System_Utils.h,408,1
macEquals,,ho/System_Utils.h,415,1
formatMacAddrStr,,ho/System_Utils.h,468,1
fsForPath,,ho/System_VFS.cpp,363,1
streamAuthRequiredInner,,ho/WebPage_LoginRequired.h,11,1
streamLoginSuccessContent,,ho/WebPage_LoginSuccess.h,14,1
streamRegisterFormContent,,ho/WebPage_Register.h,23,1
streamRegisterResultContent,,ho/WebPage_Register.h,62,1
sseSendFetch,,ho/WebServer_Events.cpp,125,1
broadcastNoticeToAllSessions,,ho/WebServer_Server.cpp,124,1
sendSSEBurstToSession,,ho/WebServer_Server.cpp,144,1
sendAuthRequired,,ho/WebServer_Server.cpp,1332,1
redirectToLogin,,ho/WebServer_Server.cpp,1340,1
getGPSLatitude,,ho/i2csensor_pa1010d.cpp,483,1
getGPSLongitude,,ho/i2csensor_pa1010d.cpp,490,1
getGPSAltitude,,ho/i2csensor_pa1010d.cpp,497,1
getGPSSpeed,,ho/i2csensor_pa1010d.cpp,502,1
getGPSSatellites,,ho/i2csensor_pa1010d.cpp,507,1
getPresenceDataJson,,ho/i2csensor_sths34pf80_web.h,15,1
getPresenceWebCard,,ho/i2csensor_sths34pf80_web.h,38,1
getPresenceWebScript,,ho/i2csensor_sths34pf80_web.h,71,1
bleLogAddr,,ho/BLE_IDF.cpp,83,2
bleAllocConnection,,ho/BLE_IDF.cpp,98,2
bleFreeConnection,,ho/BLE_IDF.cpp,116,2
bleGapEventHandler,,ho/BLE_IDF.cpp,152,2
bleGattsEventHandler,,ho/BLE_IDF.cpp,268,2
bleGattcEventHandler,,ho/BLE_IDF.cpp,598,2
bleIsPeerRegistered,,ho/BLE_Peers.cpp,104,2
bleRegisteredPeerAt,,ho/BLE_Peers.cpp,125,2
bleMarkActivity,,ho/Bluetooth.cpp,117,2
bleLogout,,ho/Bluetooth.cpp,151,2
bleBindSession,,ho/Bluetooth.cpp,217,2
bleSendAuthRequired,,ho/Bluetooth.cpp,227,2
bleTxTrace,,ho/Bluetooth.cpp,501,2
bleCommandResultCallback,,ho/Bluetooth.cpp,522,2
bleLoginAsyncCallback,,ho/Bluetooth.cpp,531,2
bleIsFileBrowserCommand,,ho/Bluetooth.cpp,577,2
bleScDeferredInbound,,ho/Bluetooth.cpp,776,2
cmd_blestart,,ho/Bluetooth.cpp,1372,2
cmd_blestop,,ho/Bluetooth.cpp,1391,2
blePassphrasePolicyError,,ho/Bluetooth.cpp,1485,2
cmd_blesecret,,ho/Bluetooth.cpp,1500,2
cmd_blesecure,,ho/Bluetooth.cpp,1530,2
cmd_bledisconnect,,ho/Bluetooth.cpp,1566,2
cmd_bleadv,,ho/Bluetooth.cpp,1575,2
cmd_blesend,,ho/Bluetooth.cpp,1603,2
cmd_blestream,,ho/Bluetooth.cpp,1625,2
cmd_bleevent,,ho/Bluetooth.cpp,1723,2
cmd_blename,,ho/Bluetooth.cpp,1745,2
cmd_bletxpower,,ho/Bluetooth.cpp,1778,2
cmd_bleinfo,,ho/Bluetooth.cpp,1815,2
cmd_g2autoconnect,,ho/Bluetooth.cpp,1890,2
cmd_ringautoconnect,,ho/Bluetooth.cpp,1896,2
cmd_blemode,,ho/Bluetooth.cpp,1938,2
buildSensorDataJSON,,ho/Bluetooth.cpp,2247,2
buildSystemStatusJSON,,ho/Bluetooth.cpp,2296,2
ourShutdownEchoActive,,ho/G2_Glasses.cpp,508,2
imageProbeBegin,,ho/G2_Glasses.cpp,637,2
imageProbeEnd,,ho/G2_Glasses.cpp,646,2
firmwareSilencesLeftNotify,,ho/G2_Glasses.cpp,669,2
classifyG2Name,,ho/G2_Glasses.cpp,1005,2
classifyRingName,,ho/G2_Glasses.cpp,1032,2
onResult,,ho/G2_Glasses.cpp,1084,2
ensureMicRecMutex,,ho/G2_Glasses.cpp,1313,2
ensureMicWavMutex,,ho/G2_Glasses.cpp,1362,2
micWavWriteHeader,,ho/G2_Glasses.cpp,1368,2
micWavPatchSizesLocked,,ho/G2_Glasses.cpp,1403,2
micAfeRingPushLocked,,ho/G2_Glasses.cpp,1461,2
micWavWritePacketLocked,,ho/G2_Glasses.cpp,1588,2
subscribeAudioNotify,,ho/G2_Glasses.cpp,1750,2
shouldDedupEvent,,ho/G2_Glasses.cpp,1937,2
handleDevEvent,,ho/G2_Glasses.cpp,2267,2
dispatchEventPayload,,ho/G2_Glasses.cpp,2765,2
evenCoreResIsFailure,,ho/G2_Glasses.cpp,2970,2
evenCoreResBodyField,,ho/G2_Glasses.cpp,2988,2
buildG2StatusBattery,,ho/G2_Glasses.cpp,3411,2
buildEspStatusBattery,,ho/G2_Glasses.cpp,3432,2
buildG2StatusMeter,,ho/G2_Glasses.cpp,3500,2
g2RegisteredPageAt,,ho/G2_Glasses.cpp,3567,2
buildMicReadoutText,,ho/G2_Glasses.cpp,3801,2
renderMicDetailLive,,ho/G2_Glasses.cpp,3828,2
g2BuildMicDetailInfo,,ho/G2_Glasses.cpp,3910,2
renderSensorDetailLive,,ho/G2_Glasses.cpp,4045,2
hijackBootstrapBody,,ho/G2_Glasses.cpp,4168,2
invokePageFromMain,,ho/G2_Glasses.cpp,4270,2
devCfgCmdName,,ho/G2_Glasses.cpp,4547,2
connRetHint,,ho/G2_Glasses.cpp,4574,2
parseSid80Rx,,ho/G2_Glasses.cpp,4585,2
translateCmdName,,ho/G2_Glasses.cpp,4707,2
telepromptCmdName,,ho/G2_Glasses.cpp,4719,2
transcribeCmdName,,ho/G2_Glasses.cpp,4736,2
conversateCmdName,,ho/G2_Glasses.cpp,4747,2
recoveryHeartbeatTick,,ho/G2_Glasses.cpp,5801,2
heartbeatWorkerTask,,ho/G2_Glasses.cpp,5837,2
runSessionPrelude,,ho/G2_Glasses.cpp,5956,2
g2AutoTimeSyncIfReady,,ho/G2_Glasses.cpp,5990,2
bleConnectWorkerLoop,,ho/G2_Glasses.cpp,6529,2
sendShutdownAndSettle,,ho/G2_Glasses.cpp,7692,2
pageSwapJobBody,,ho/G2_Glasses.cpp,7970,2
pageSwapWorkerLoop,,ho/G2_Glasses.cpp,8263,2
tapDispatcherWorkerLoop,,ho/G2_Glasses.cpp,8496,2
livePageWorker,,ho/G2_Glasses.cpp,9292,2
liveTextWorker,,ho/G2_Glasses.cpp,9861,2
g2LensTickOverlay,,ho/G2_Glasses.cpp,10281,2
notifyClearTimerCb,,ho/G2_Glasses.cpp,10324,2
ensureNotifyClearTimer,,ho/G2_Glasses.cpp,10353,2
g2CalcCRC16,,ho/G2_Glasses.cpp,10496,2
g2EncodeVarint,,ho/G2_Glasses.cpp,10500,2
cmd_g2connect,,ho/G2_Glasses.cpp,10520,2
cmd_g2disconnect,,ho/G2_Glasses.cpp,10549,2
cmd_g2status,,ho/G2_Glasses.cpp,10574,2
cmd_g2info,,ho/G2_Glasses.cpp,10584,2
cmd_g2settings,,ho/G2_Glasses.cpp,10609,2
cmd_g2show,,ho/G2_Glasses.cpp,10625,2
cmd_g2listrebuild,,ho/G2_Glasses.cpp,10655,2
cmd_g2liverate,,ho/G2_Glasses.cpp,10678,2
cmd_g2liveloop,,ho/G2_Glasses.cpp,10704,2
cmd_g2ai,,ho/G2_Glasses.cpp,10882,2
cmd_g2ai_noask,,ho/G2_Glasses.cpp,10894,2
cmd_g2ai_direct,,ho/G2_Glasses.cpp,10901,2
cmd_g2protostats,,ho/G2_Glasses.cpp,10915,2
cmd_g2probe,,ho/G2_Glasses.cpp,11000,2
cmd_g2devcfg,,ho/G2_Glasses.cpp,11073,2
cmd_g2imgprobe,,ho/G2_Glasses.cpp,11171,2
cmd_g2micon,,ho/G2_Glasses.cpp,11259,2
cmd_g2micoff,,ho/G2_Glasses.cpp,11283,2
cmd_g2micstats,,ho/G2_Glasses.cpp,11300,2
cmd_g2micreset,,ho/G2_Glasses.cpp,11320,2
cmd_g2micverbose,,ho/G2_Glasses.cpp,11327,2
cmd_g2micrec,,ho/G2_Glasses.cpp,11359,2
cmd_g2micwav,,ho/G2_Glasses.cpp,11459,2
cmd_g2aiconfig,,ho/G2_Glasses.cpp,11602,2
cmd_g2aih,,ho/G2_Glasses.cpp,11646,2
cmd_g2page_run,,ho/G2_Glasses.cpp,11671,2
cmd_g2notify,,ho/G2_Glasses.cpp,11715,2
cmd_g2clear,,ho/G2_Glasses.cpp,11745,2
cmd_g2scan,,ho/G2_Glasses.cpp,11750,2
cmd_g2init,,ho/G2_Glasses.cpp,11755,2
cmd_g2deinit,,ho/G2_Glasses.cpp,11760,2
cmd_g2battery,,ho/G2_Glasses.cpp,11766,2
cmd_g2mic,,ho/G2_Glasses.cpp,11792,2
cmd_g2streamres,,ho/G2_Glasses.cpp,11817,2
cmd_g2packrate,,ho/G2_Glasses.cpp,11856,2
cmd_g2streamtonemap,,ho/G2_Glasses.cpp,11884,2
cmd_g2nav,,ho/G2_Glasses.cpp,11907,2
cmd_g2verbose,,ho/G2_Glasses.cpp,11920,2
cmd_g2hijacktest,,ho/G2_Glasses.cpp,11934,2
cmd_g2recover,,ho/G2_Glasses.cpp,11946,2
cmd_g2reopen,,ho/G2_Glasses.cpp,11975,2
cmd_g2dumpframes,,ho/G2_Glasses.cpp,11988,2
bmp4bppFileBytesU32,,ho/G2_Glasses.cpp,12092,2
g2BmpViewerWorker,,ho/G2_Glasses.cpp,13807,2
g2CameraViewerWorker,,ho/G2_Glasses.cpp,14143,2
g2CameraStreamWorker,,ho/G2_Glasses.cpp,14305,2
g2BmpFullViewerWorker,,ho/G2_Glasses.cpp,14853,2
g2JpgViewerWorker,,ho/G2_Glasses.cpp,15233,2
g2JpgFullViewerWorker,,ho/G2_Glasses.cpp,15324,2
g2HijackInternalCallback,,ho/G2_HijackCmd.cpp,74,2
nextState,,ho/G2_HijackFsm.cpp,70,2
fsmWorkerTask,,ho/G2_HijackFsm.cpp,265,2
framesizeLabel,,ho/G2_Page_CameraSettings.cpp,64,2
writeSetting,,ho/G2_Page_CameraSettings.cpp,194,2
cycleDenoise,,ho/G2_Page_CameraSettings.cpp,229,2
cycleQuality,,ho/G2_Page_CameraSettings.cpp,238,2
cycleFramesize,,ho/G2_Page_CameraSettings.cpp,247,2
fmtFramesize,,ho/G2_Page_CameraSettings.cpp,275,2
kSettingsIndexForSubRow,,ho/G2_Page_CameraSettings.cpp,344,2
handleTopTap,,ho/G2_Page_CameraSettings.cpp,583,2
handleResolutionPickerTap,,ho/G2_Page_CameraSettings.cpp,655,2
handleStreamPickerTap,,ho/G2_Page_CameraSettings.cpp,683,2
countInboxAll,,ho/G2_Page_ESPNow.cpp,136,2
countInboxForPeer,,ho/G2_Page_ESPNow.cpp,148,2
chatLogicalLine,,ho/G2_Page_ESPNow.cpp,176,2
formatPingRow,,ho/G2_Page_ESPNow.cpp,389,2
findBondSensorEntry,,ho/G2_Page_ESPNow.cpp,556,2
chatAppendWrapped,,ho/G2_Page_ESPNow.cpp,686,2
chatEstBytes,,ho/G2_Page_ESPNow.cpp,705,2
chatSplitPages,,ho/G2_Page_ESPNow.cpp,720,2
submitForgetSelectedPeer,,ho/G2_Page_ESPNow.cpp,927,2
submitToggleEspNow,,ho/G2_Page_ESPNow.cpp,951,2
sendTypedToPeerCommit,,ho/G2_Page_ESPNow.cpp,968,2
broadcastTypedCommit,,ho/G2_Page_ESPNow.cpp,977,2
handlePeersTap,,ho/G2_Page_ESPNow.cpp,1030,2
handlePeerDetailTap,,ho/G2_Page_ESPNow.cpp,1049,2
handleBroadcastTap,,ho/G2_Page_ESPNow.cpp,1112,2
handleStatsTap,,ho/G2_Page_ESPNow.cpp,1141,2
handleBondSensorsTap,,ho/G2_Page_ESPNow.cpp,1150,2
handleBondDetailTap,,ho/G2_Page_ESPNow.cpp,1171,2
handleInboxTap,,ho/G2_Page_ESPNow.cpp,1182,2
handlePeerInboxTap,,ho/G2_Page_ESPNow.cpp,1199,2
isBmpFilename,,ho/G2_Page_Files.cpp,254,2
isJpgFilename,,ho/G2_Page_Files.cpp,271,2
isJsonFilename,,ho/G2_Page_Files.cpp,298,2
showWiFiStatusPage,,ho/G2_Page_Network.cpp,265,2
showWiFiScanningPlaceholder,,ho/G2_Page_Network.cpp,314,2
showScanResults,,ho/G2_Page_Network.cpp,328,2
showWiFiSavedActionMenu,,ho/G2_Page_Network.cpp,391,2
triggerRingReconnect,,ho/G2_Page_Network.cpp,514,2
triggerRingDisconnect,,ho/G2_Page_Network.cpp,551,2
networkScanWorker,,ho/G2_Page_Network.cpp,831,2
spawnNetworkScanWorker,,ho/G2_Page_Network.cpp,837,2
backToHijackMain,,ho/G2_Page_Network.cpp,864,2
handleWiFiTap,,ho/G2_Page_Network.cpp,1070,2
handleWiFiStatusTap,,ho/G2_Page_Network.cpp,1220,2
handleWiFiScanTap,,ho/G2_Page_Network.cpp,1224,2
handleWiFiSavedTap,,ho/G2_Page_Network.cpp,1242,2
handleWiFiSavedActionTap,,ho/G2_Page_Network.cpp,1254,2
espnowNameCommit,,ho/G2_Page_Network.cpp,1309,2
espnowNameCancel,,ho/G2_Page_Network.cpp,1330,2
handleEspNowTap,,ho/G2_Page_Network.cpp,1336,2
handleEspNowDevsTap,,ho/G2_Page_Network.cpp,1432,2
handleBluetoothG2Tap,,ho/G2_Page_Network.cpp,1461,2
handleBluetoothR1Tap,,ho/G2_Page_Network.cpp,1529,2
handleBluetoothTap,,ho/G2_Page_Network.cpp,1590,2
handleHttpTap,,ho/G2_Page_Network.cpp,1855,2
buildConfirmRows,,ho/G2_Page_Power.cpp,76,2
doRestart,,ho/G2_Page_Power.cpp,104,2
doPowerOff,,ho/G2_Page_Power.cpp,114,2
imuG2FormatValue,,ho/G2_Page_Sensors.cpp,102,2
tofG2FormatValue,,ho/G2_Page_Sensors.cpp,118,2
thermalG2FormatValue,,ho/G2_Page_Sensors.cpp,135,2
apdsG2FormatValue,,ho/G2_Page_Sensors.cpp,151,2
gamepadG2FormatValue,,ho/G2_Page_Sensors.cpp,166,2
anoG2FormatValue,,ho/G2_Page_Sensors.cpp,176,2
rtcG2FormatValue,,ho/G2_Page_Sensors.cpp,185,2
gpsG2FormatValue,,ho/G2_Page_Sensors.cpp,205,2
presenceG2FormatValue,,ho/G2_Page_Sensors.cpp,224,2
fmG2FormatValue,,ho/G2_Page_Sensors.cpp,241,2
formatListRow,,ho/G2_Page_Sensors.cpp,512,2
sensorRuntimeCmd,,ho/G2_Page_Sensors.cpp,744,2
sensorAutostartCmd,,ho/G2_Page_Sensors.cpp,757,2
g2BuildGamepadArt,,ho/G2_Page_Sensors.cpp,781,2
g2BuildAnoArt,,ho/G2_Page_Sensors.cpp,863,2
g2BuildRtcReadout,,ho/G2_Page_Sensors.cpp,917,2
g2BuildImuReadout,,ho/G2_Page_Sensors.cpp,937,2
g2BuildTofReadout,,ho/G2_Page_Sensors.cpp,956,2
g2BuildApdsReadout,,ho/G2_Page_Sensors.cpp,972,2
g2BuildGpsReadout,,ho/G2_Page_Sensors.cpp,989,2
g2BuildPresenceReadout,,ho/G2_Page_Sensors.cpp,1010,2
g2BuildFmReadout,,ho/G2_Page_Sensors.cpp,1028,2
g2SensorsOnCameraPowerDone,,ho/G2_Page_Sensors.cpp,1509,2
writeViewToggleRow,,ho/G2_Page_Settings.cpp,109,2
formatSettingValue,,ho/G2_Page_Settings.cpp,120,2
moduleIdxFromTap,,ho/G2_Page_Settings.cpp,233,2
showModuleJsonViaTextWidget,,ho/G2_Page_Settings.cpp,485,2
aiWorker,,ho/G2_Page_TestSuite.cpp,475,2
imgProbeWorker,,ho/G2_Page_TestSuite.cpp,1011,2
imgProbeWorkerInternalStack,,ho/G2_Page_TestSuite.cpp,1021,2
runDisplayTextVariant,,ho/G2_Page_TestSuite.cpp,1625,2
runDisplayListVariant,,ho/G2_Page_TestSuite.cpp,1638,2
buildCharsAsciiPayloadRows,,ho/G2_Page_TestSuite.cpp,1758,2
buildCharsUnicodePayloadRows,,ho/G2_Page_TestSuite.cpp,1763,2
buildAIRows,,ho/G2_Page_TestSuite.cpp,1773,2
buildPayloadRows,,ho/G2_Page_TestSuite.cpp,1805,2
buildTextEntryText,,ho/G2_Page_TextEntry.cpp,86,2
finishCommit,,ho/G2_Page_TextEntry.cpp,118,2
finishCancel,,ho/G2_Page_TextEntry.cpp,129,2
ringExtractTelemetryCache,,ho/G2_Ring.cpp,179,2
ringDumpFrame,,ho/G2_Ring.cpp,373,2
ringRunStandardSetup,,ho/G2_Ring.cpp,494,2
onResult,,ho/G2_Ring.cpp,604,2
ringSpoofTaskBody,,ho/G2_Ring.cpp,1093,2
ringSpoofStart,,ho/G2_Ring.cpp,1151,2
ringSpoofStop,,ho/G2_Ring.cpp,1169,2
cmd_ringstatus,,ho/G2_Ring.cpp,1180,2
cmd_ringconnect,,ho/G2_Ring.cpp,1211,2
cmd_ringdisconnect,,ho/G2_Ring.cpp,1232,2
cmd_ringverbose,,ho/G2_Ring.cpp,1238,2
cmd_ringscan,,ho/G2_Ring.cpp,1254,2
cmd_ringquery,,ho/G2_Ring.cpp,1295,2
ringBridgeHeartbeatBody,,ho/G2_Ring.cpp,1590,2
ringBridgeHeartbeatStart,,ho/G2_Ring.cpp,1615,2
ringBridgeHeartbeatStop,,ho/G2_Ring.cpp,1630,2
pdmStartLocked,,ho/HAL_Audio.cpp,40,2
pdmStopLocked,,ho/HAL_Audio.cpp,101,2
audioSetSource,,ho/HAL_Audio.cpp,112,2
displayDim,,ho/HAL_Display.cpp,186,2
displaySetBrightness,,ho/HAL_Display.cpp,205,2
inputGetControllerType,,ho/HAL_Input.cpp,135,2
inputSetControllerType,,ho/HAL_Input.cpp,139,2
inputSetCustomButtonMapping,,ho/HAL_Input.cpp,179,2
inputGetCustomButtonMapping,,ho/HAL_Input.cpp,187,2
inputDeviceLabel,,ho/HAL_Input.cpp,248,2
cmd_openinput,,ho/HAL_Input.cpp,260,2
cmd_closeinput,,ho/HAL_Input.cpp,266,2
cmd_inputautostart,,ho/HAL_Input.cpp,273,2
cmd_inputdevicepollms,,ho/HAL_Input.cpp,291,2
stripANSICSI,,ho/HardwareOne.cpp,458,2
printToSerial,,ho/HardwareOne.cpp,490,2
broadcastWithOrigin,,ho/HardwareOne.cpp,527,2
originFrom,,ho/HardwareOne.cpp,663,2
loopHealthTick,,ho/HardwareOne.cpp,974,2
powerSaveInhibited,,ho/HardwareOne.cpp,1910,2
powerSaveTick,,ho/HardwareOne.cpp,1922,2
oledEspNowMsgVisibleRows,,ho/OLED_ESPNow.cpp,63,2
rebuildRoomList,,ho/OLED_ESPNow.cpp,396,2
rebuildRoomDeviceList,,ho/OLED_ESPNow.cpp,431,2
oledEspNowGetMainMenuItemCount,,ho/OLED_ESPNow.cpp,614,2
compareByName,,ho/OLED_ESPNow.cpp,1256,2
compareByRoom,,ho/OLED_ESPNow.cpp,1263,2
compareByStatus,,ho/OLED_ESPNow.cpp,1278,2
oledEspNowFormatMac,,ho/OLED_ESPNow.cpp,1510,2
oledEspNowValidateDevicePtr,,ho/OLED_ESPNow.cpp,1566,2
oledEspNowOpenSettings,,ho/OLED_ESPNow.cpp,1814,2
oledEspNowSendBrowseRequest,,ho/OLED_ESPNow.cpp,2268,2
oledEspNowDisplayRemoteFiles,,ho/OLED_ESPNow.cpp,2283,2
oledEspNowHandleRemoteFilesInput,,ho/OLED_ESPNow.cpp,2340,2
storeRemoteFileBrowseResult,,ho/OLED_ESPNow.cpp,2369,2
getOLEDYesNoPrompt,,ho/OLED_FirstTimeSetup.cpp,206,2
renderBounceAnimation,,ho/OLED_Mode_Animations.cpp,47,2
renderWaveAnimation,,ho/OLED_Mode_Animations.cpp,70,2
renderSpinnerAnimation,,ho/OLED_Mode_Animations.cpp,86,2
renderMatrixAnimation,,ho/OLED_Mode_Animations.cpp,102,2
renderStarfieldAnimation,,ho/OLED_Mode_Animations.cpp,127,2
renderPlasmaAnimation,,ho/OLED_Mode_Animations.cpp,157,2
renderFireAnimation,,ho/OLED_Mode_Animations.cpp,171,2
renderGameOfLifeAnimation,,ho/OLED_Mode_Animations.cpp,206,2
renderRadarAnimation,,ho/OLED_Mode_Animations.cpp,254,2
renderWaveformAnimation,,ho/OLED_Mode_Animations.cpp,287,2
renderScrollTestAnimation,,ho/OLED_Mode_Animations.cpp,307,2
renderBootProgressAnimation,,ho/OLED_Mode_Animations.cpp,421,2
animationOnEnter,,ho/OLED_Mode_Animations.cpp,503,2
displayLoginMode,,ho/OLED_Mode_Auth.cpp,43,2
handleLoginModeInput,,ho/OLED_Mode_Auth.cpp,135,2
isLoginModeAvailable,,ho/OLED_Mode_Auth.cpp,257,2
displayLogoutMode,,ho/OLED_Mode_Auth.cpp,270,2
handleLogoutModeInput,,ho/OLED_Mode_Auth.cpp,319,2
isLogoutModeAvailable,,ho/OLED_Mode_Auth.cpp,367,2
extractBool,,ho/OLED_Mode_Automations.cpp,82,2
populateBtMenu,,ho/OLED_Mode_Bluetooth.cpp,69,2
displayBluetoothStatusDetail,,ho/OLED_Mode_Bluetooth.cpp,91,2
displayBluetoothStatus,,ho/OLED_Mode_Bluetooth.cpp,181,2
bluetoothInputHandler,,ho/OLED_Mode_Bluetooth.cpp,226,2
populateG2Menu,,ho/OLED_Mode_Bluetooth.cpp,284,2
displayG2Menu,,ho/OLED_Mode_Bluetooth.cpp,296,2
g2InputHandler,,ho/OLED_Mode_Bluetooth.cpp,331,2
displayG2StatusDetail,,ho/OLED_Mode_Bluetooth.cpp,361,2
bluetoothOLEDModeAvailable,,ho/OLED_Mode_Bluetooth.cpp,389,2
resetCLIViewerState,,ho/OLED_Mode_CLI.cpp,45,2
displayCLIViewer,,ho/OLED_Mode_CLI.cpp,54,2
handleCLIViewerInput,,ho/OLED_Mode_CLI.cpp,198,2
isCLIViewerAvailable,,ho/OLED_Mode_CLI.cpp,315,2
cliViewerOnEnter,,ho/OLED_Mode_CLI.cpp,327,2
displayCLIInput,,ho/OLED_Mode_CLIInput.cpp,42,2
handleCLIInputInput,,ho/OLED_Mode_CLIInput.cpp,97,2
isCLIInputAvailable,,ho/OLED_Mode_CLIInput.cpp,149,2
resetCLIInputState,,ho/OLED_Mode_CLIInput.cpp,161,2
cliInputOnEnter,,ho/OLED_Mode_CLIInput.cpp,176,2
displayChangePasswordMode,,ho/OLED_Mode_ChangePassword.cpp,43,2
handleChangePasswordModeInput,,ho/OLED_Mode_ChangePassword.cpp,183,2
isChangePasswordModeAvailable,,ho/OLED_Mode_ChangePassword.cpp,344,2
oledFileBrowserAuthContext,,ho/OLED_Mode_FileBrowser.cpp,48,2
sourceRootPath,,ho/OLED_Mode_FileBrowser.cpp,218,2
ensurePeerCache,,ho/OLED_Mode_FileBrowser.cpp,333,2
peerNavigateTo,,ho/OLED_Mode_FileBrowser.cpp,377,2
onEspnowGetAck,,ho/OLED_Mode_FileBrowser.cpp,389,2
peerNavigateUp,,ho/OLED_Mode_FileBrowser.cpp,404,2
peerActivate,,ho/OLED_Mode_FileBrowser.cpp,423,2
runEspnowSendFile,,ho/OLED_Mode_FileBrowser.cpp,450,2
espnowSendOnPicked,,ho/OLED_Mode_FileBrowser.cpp,464,2
fileBrowserInputHandler,,ho/OLED_Mode_FileBrowser.cpp,1018,2
fileBrowserOnEnter,,ho/OLED_Mode_FileBrowser.cpp,1108,2
resetOLEDFileBrowser,,ho/OLED_Mode_FileBrowser.cpp,1122,2
syncStateFromEngine,,ho/OLED_Mode_LLM.cpp,85,2
isLLMModelFile,,ho/OLED_Mode_LLM.cpp,133,2
onLLMModelPicked,,ho/OLED_Mode_LLM.cpp,146,2
openModelPicker,,ho/OLED_Mode_LLM.cpp,158,2
rebuildRenderLines,,ho/OLED_Mode_LLM.cpp,179,2
displayLLM_noModel,,ho/OLED_Mode_LLM.cpp,252,2
displayLLM_loading,,ho/OLED_Mode_LLM.cpp,262,2
displayLLM,,ho/OLED_Mode_LLM.cpp,334,2
handleLLMInput,,ho/OLED_Mode_LLM.cpp,359,2
isLLMAvailable,,ho/OLED_Mode_LLM.cpp,442,2
resetLLMOLEDState,,ho/OLED_Mode_LLM.cpp,449,2
llmOnEnter,,ho/OLED_Mode_LLM.cpp,470,2
displayLoggingMode,,ho/OLED_Mode_Logging.cpp,87,2
handleLoggingModeInput,,ho/OLED_Mode_Logging.cpp,185,2
isLoggingModeAvailable,,ho/OLED_Mode_Logging.cpp,310,2
loggingOnEnter,,ho/OLED_Mode_Logging.cpp,318,2
mapNameAutocomplete,,ho/OLED_Mode_Map.cpp,259,2
drawMapInfo,,ho/OLED_Mode_Map.cpp,270,2
drawTrackStatus,,ho/OLED_Mode_Map.cpp,306,2
drawFeatures,,ho/OLED_Mode_Map.cpp,372,2
drawRoutes,,ho/OLED_Mode_Map.cpp,424,2
drawWaypointSelect,,ho/OLED_Mode_Map.cpp,531,2
isGPSDataLine,,ho/OLED_Mode_Map.cpp,565,2
drawTrackSelect,,ho/OLED_Mode_Map.cpp,628,2
buildLayersMenuItems,,ho/OLED_Mode_Map.cpp,669,2
buildSubtypeMenuItems,,ho/OLED_Mode_Map.cpp,696,2
executeSubtypeMenuAction,,ho/OLED_Mode_Map.cpp,716,2
initAsyncMapRenderer,,ho/OLED_Mode_Map.cpp,890,2
displayGPSMap,,ho/OLED_Mode_Map.cpp,969,2
gpsMapAvailable,,ho/OLED_Mode_Map.cpp,1276,2
executeSubmenuAction,,ho/OLED_Mode_Map.cpp,1288,2
executeMainMenuAction,,ho/OLED_Mode_Map.cpp,1538,2
executeMapMenuAction,,ho/OLED_Mode_Map.cpp,1585,2
gpsMapInputHandler,,ho/OLED_Mode_Map.cpp,1596,2
getCategoryItems,,ho/OLED_Mode_Menu.cpp,166,2
mainMenuEnsureInit,,ho/OLED_Mode_Menu.cpp,195,2
displayMenuListStyle,,ho/OLED_Mode_Menu.cpp,231,2
mainMenuInputHandler,,ho/OLED_Mode_Menu.cpp,237,2
menuOnEnter,,ho/OLED_Mode_Menu.cpp,286,2
displaySensorMenu,,ho/OLED_Mode_Menu.cpp,313,2
sensorMenuInputHandler,,ho/OLED_Mode_Menu.cpp,319,2
populateNetworkMainMenu,,ho/OLED_Mode_Network.cpp,134,2
displayNetworkInfoRendered,,ho/OLED_Mode_Network.cpp,176,2
httpStartConfirmedNetwork,,ho/OLED_Mode_Network.cpp,225,2
httpStopConfirmedNetwork,,ho/OLED_Mode_Network.cpp,230,2
networkMainInputHandler,,ho/OLED_Mode_Network.cpp,235,2
displayNetworkStatusRendered,,ho/OLED_Mode_Network.cpp,280,2
populateWifiMenu,,ho/OLED_Mode_Network.cpp,352,2
displayNetworkWifiMenuRendered,,ho/OLED_Mode_Network.cpp,369,2
startWifiAddSSID,,ho/OLED_Mode_Network.cpp,383,2
startWifiAddPass,,ho/OLED_Mode_Network.cpp,392,2
startWifiAddFromScan,,ho/OLED_Mode_Network.cpp,408,2
populateSavedNetScroll,,ho/OLED_Mode_Network.cpp,452,2
networkWifiListInputHandler,,ho/OLED_Mode_Network.cpp,478,2
onWifiRemoveConfirmed,,ho/OLED_Mode_Network.cpp,491,2
networkWifiRemoveInputHandler,,ho/OLED_Mode_Network.cpp,498,2
populateWifiScanScroll,,ho/OLED_Mode_Network.cpp,516,2
displayNetworkWifiScanRendered,,ho/OLED_Mode_Network.cpp,528,2
networkWifiScanInputHandler,,ho/OLED_Mode_Network.cpp,543,2
startWifiScan,,ho/OLED_Mode_Network.cpp,560,2
networkWifiMenuInputHandler,,ho/OLED_Mode_Network.cpp,598,2
espnowOnEnter,,ho/OLED_Mode_Network.cpp,649,2
displayWebStatsRendered,,ho/OLED_Mode_Network.cpp,750,2
displayMeshStatusRendered,,ho/OLED_Mode_Network.cpp,864,2
displayRemoteSensors,,ho/OLED_Mode_Network.cpp,965,2
remoteSensorsAvailable,,ho/OLED_Mode_Network.cpp,1245,2
remoteSensorsInputHandler,,ho/OLED_Mode_Network.cpp,1258,2
populatePowerMainMenu,,ho/OLED_Mode_Power.cpp,33,2
populatePowerCpuMenu,,ho/OLED_Mode_Power.cpp,41,2
populatePowerSleepMenu,,ho/OLED_Mode_Power.cpp,51,2
executePowerAction,,ho/OLED_Mode_Power.cpp,126,2
executePowerCpuAction,,ho/OLED_Mode_Power.cpp,135,2
executePowerSleepAction,,ho/OLED_Mode_Power.cpp,147,2
powerMainInputHandler,,ho/OLED_Mode_Power.cpp,170,2
powerCpuInputHandler,,ho/OLED_Mode_Power.cpp,183,2
powerSleepInputHandler,,ho/OLED_Mode_Power.cpp,196,2
displayBondStatus,,ho/OLED_Mode_Remote.cpp,103,2
displayBondSensors,,ho/OLED_Mode_Remote.cpp,184,2
formatDeviceLabel,,ho/OLED_Mode_Remote.cpp,256,2
displayRemoteMode,,ho/OLED_Mode_Remote.cpp,265,2
handlePickerInput,,ho/OLED_Mode_Remote.cpp,381,2
swapRolesConfirmed,,ho/OLED_Mode_Remote.cpp,447,2
executeBondAction,,ho/OLED_Mode_Remote.cpp,460,2
bondMenuBack,,ho/OLED_Mode_Remote.cpp,510,2
displayRemoteSettingsMode,,ho/OLED_Mode_RemoteSettings.cpp,14,2
handleRemoteSettingsInput,,ho/OLED_Mode_RemoteSettings.cpp,52,2
sensorDataInputHandler,,ho/OLED_Mode_Sensors.cpp,384,2
startTextKeyboard,,ho/OLED_Mode_SetPattern.cpp,52,2
displaySetPatternMode,,ho/OLED_Mode_SetPattern.cpp,84,2
handleSetPatternInput,,ho/OLED_Mode_SetPattern.cpp,174,2
isSetPatternAvailable,,ho/OLED_Mode_SetPattern.cpp,321,2
cmd_setpattern,,ho/OLED_Mode_SetPattern.cpp,333,2
displaySpeechStatus,,ho/OLED_Mode_Speech.cpp,36,2
populateSpeechMenu,,ho/OLED_Mode_Speech.cpp,125,2
displaySpeechInfo,,ho/OLED_Mode_Speech.cpp,138,2
speechInputHandler,,ho/OLED_Mode_Speech.cpp,177,2
displaySystemStatus,,ho/OLED_Mode_System.cpp,37,2
displayWebStats,,ho/OLED_Mode_System.cpp,134,2
displayMemoryStatsRendered,,ho/OLED_Mode_System.cpp,301,2
displaySystemStatusRendered,,ho/OLED_Mode_System.cpp,429,2
freeUnifiedMenu,,ho/OLED_Mode_UnifiedMenu.cpp,69,2
buildLocalMenuItems,,ho/OLED_Mode_UnifiedMenu.cpp,88,2
buildRemoteMenuItems,,ho/OLED_Mode_UnifiedMenu.cpp,165,2
buildSubmenuForModule,,ho/OLED_Mode_UnifiedMenu.cpp,268,2
executeUnifiedMenuItem,,ho/OLED_Mode_UnifiedMenu.cpp,393,2
executeSubmenuItem,,ho/OLED_Mode_UnifiedMenu.cpp,398,2
displaySubmenu,,ho/OLED_Mode_UnifiedMenu.cpp,407,2
displayUnifiedMenu,,ho/OLED_Mode_UnifiedMenu.cpp,449,2
handleUnifiedMenuInput,,ho/OLED_Mode_UnifiedMenu.cpp,531,2
unifiedMenuAvailable,,ho/OLED_Mode_UnifiedMenu.cpp,582,2
jsonTypeToSettingType,,ho/OLED_RemoteSettings.cpp,23,2
getValueRange,,ho/OLED_RemoteSettings.cpp,31,2
getRemoteSettingsModules,,ho/OLED_RemoteSettings.cpp,228,2
isOledConnected,,ho/OLED_Settings.cpp,27,2
resetSettingsEditor,,ho/OLED_SettingsEditor.cpp,78,2
drawSettingsSlider,,ho/OLED_SettingsEditor.cpp,89,2
setSettingValue,,ho/OLED_SettingsEditor.cpp,151,2
validateSettingValue,,ho/OLED_SettingsEditor.cpp,161,2
displaySettingsMode,,ho/OLED_SettingsEditor.cpp,682,2
handleSettingsInput,,ho/OLED_SettingsEditor.cpp,699,2
isSettingsAvailable,,ho/OLED_SettingsEditor.cpp,712,2
getQuickWiFiState,,ho/OLED_SettingsEditor.cpp,787,2
toggleQuickWiFi,,ho/OLED_SettingsEditor.cpp,790,2
getQuickBluetoothState,,ho/OLED_SettingsEditor.cpp,803,2
toggleQuickBluetooth,,ho/OLED_SettingsEditor.cpp,818,2
getQuickHTTPState,,ho/OLED_SettingsEditor.cpp,830,2
toggleQuickHTTP,,ho/OLED_SettingsEditor.cpp,847,2
runOLEDSetupWizard,,ho/OLED_SetupWizard.cpp,1303,2
oledDrawBox,,ho/OLED_UI.cpp,30,2
oledToastClear,,ho/OLED_UI.cpp,163,2
oledDialogOK,,ho/OLED_UI.cpp,270,2
oledDialogYesNo,,ho/OLED_UI.cpp,278,2
oledProgressShow,,ho/OLED_UI.cpp,415,2
oledProgressUpdate,,ho/OLED_UI.cpp,424,2
oledProgressLabel,,ho/OLED_UI.cpp,429,2
oledPairingRibbonMinimize,,ho/OLED_UI.cpp,532,2
oledPairingRibbonHide,,ho/OLED_UI.cpp,539,2
oledUIInit,,ho/OLED_UI.cpp,795,2
oledUIHandleInput,,ho/OLED_UI.cpp,804,2
oledUIModalActive,,ho/OLED_UI.cpp,851,2
getNotificationSourceName,,ho/OLED_Utils.cpp,438,2
handleNotificationsInput,,ho/OLED_Utils.cpp,625,2
notificationsRegisteredInputHandler,,ho/OLED_Utils.cpp,691,2
oledContentSetCursor,,ho/OLED_Utils.cpp,757,2
oledContentPrintAt,,ho/OLED_Utils.cpp,798,2
oledScrollPageUp,,ho/OLED_Utils.cpp,986,2
oledScrollPageDown,,ho/OLED_Utils.cpp,993,2
oledScrollGetItem,,ho/OLED_Utils.cpp,1007,2
oledScrollCalculateVisibleLines,,ho/OLED_Utils.cpp,1027,2
oledKeyboardShowingSuggestions,,ho/OLED_Utils.cpp,1984,2
oledConfirmHandleInput,,ho/OLED_Utils.cpp,2032,2
oledConfirmRender,,ho/OLED_Utils.cpp,2069,2
oledMarkDirtyMode,,ho/OLED_Utils.cpp,2680,2
oledSetAlwaysDirty,,ho/OLED_Utils.cpp,2710,2
setOLEDMode,,ho/OLED_Utils.cpp,2758,2
getRegisteredOLEDModeCount,,ho/OLED_Utils.cpp,2910,2
getOLEDModeByIndex,,ho/OLED_Utils.cpp,2915,2
quickSettingsAvailability,,ho/OLED_Utils.cpp,2926,2
cmd_oled_requireauth,,ho/OLED_Utils.cpp,3472,2
cmd_oled_flip,,ho/OLED_Utils.cpp,3581,2
cmd_oledmode,,ho/OLED_Utils.cpp,3663,2
cmd_oledtext,,ho/OLED_Utils.cpp,3729,2
cmd_oledclear,,ho/OLED_Utils.cpp,3761,2
cmd_oledanim,,ho/OLED_Utils.cpp,3861,2
slugFromMode,,ho/OLED_Utils.cpp,4028,2
cancelRemoteCommandInput,,ho/OLED_Utils.cpp,4527,2
buildRemoteSubmenu,,ho/OLED_Utils.cpp,4613,2
exitRemoteSubmenu,,ho/OLED_Utils.cpp,4709,2
setRemoteSubmenuSelection,,ho/OLED_Utils.cpp,4736,2
loadRemoteMenuItems,,ho/OLED_Utils.cpp,4748,2
getFilteredMenuItemCount,,ho/OLED_Utils.cpp,4920,2
handleOLEDActionButton,,ho/OLED_Utils.cpp,5436,2
deleteIdentity,,ho/System_AuthIdentity.cpp,57,2
transportToNotifSource,,ho/System_AuthIdentity.cpp,142,2
findAutomationsArrayBounds,,ho/System_Automation.cpp,301,2
rebuildAutoCache,,ho/System_Automation.cpp,426,2
runAutomationCommandUnified,,ho/System_Automation.cpp,811,2
processAutomationCallback,,ho/System_Automation.cpp,1916,2
daysCsvToMask,,ho/System_Automation.cpp,2144,2
parseOneTrigger,,ho/System_Automation.cpp,2177,2
onFired,,ho/System_Automation.cpp,2377,2
cmd_autolog,,ho/System_Automation.cpp,3272,2
condEdgeFor,,ho/System_Automation.cpp,3366,2
cmd_print,,ho/System_Automation.cpp,3671,2
adcBackendInit,,ho/System_Battery.cpp,100,2
adcBackendSample,,ho/System_Battery.cpp,122,2
fuelGaugeBackendInit,,ho/System_Battery.cpp,182,2
fuelGaugeBackendSample,,ho/System_Battery.cpp,202,2
scAlloc,,ho/System_BleSecureChannel.cpp,165,2
scBuildData,,ho/System_BleSecureChannel.cpp,198,2
peerMacString,,ho/System_BondedPeer.cpp,74,2
isSettingsDirty,,ho/System_BondedPeer.cpp,105,2
helpMode_onEnter,,ho/System_CLI.cpp,43,2
helpMode_onExit,,ho/System_CLI.cpp,76,2
renderHelpSystem,,ho/System_CLI.cpp,163,2
renderHelpSettings,,ho/System_CLI.cpp,168,2
renderHelpAutomations,,ho/System_CLI.cpp,173,2
renderHelpEspnow,,ho/System_CLI.cpp,178,2
renderHelpWifi,,ho/System_CLI.cpp,183,2
broadcastHelpUsageIndented,,ho/System_CLI.cpp,329,2
broadcastHelpNavFooter,,ho/System_CLI.cpp,439,2
cmd_help,,ho/System_CLI.cpp,487,2
cmd_back,,ho/System_CLI.cpp,565,2
cmd_exit,,ho/System_CLI.cpp,578,2
cmd_clear,,ho/System_CLI.cpp,590,2
confirm_onEnter,,ho/System_CLIConfirm.cpp,32,2
confirm_onExit,,ho/System_CLIConfirm.cpp,116,2
cameraFramesizeFromSetting,,ho/System_Camera_DVP.cpp,81,2
cameraFramesizeSettingFromEnum,,ho/System_Camera_DVP.cpp,108,2
setCameraResolution,,ho/System_Camera_DVP.cpp,755,2
cameraPwrRunOne,,ho/System_Camera_DVP.cpp,912,2
cameraPwrWorker,,ho/System_Camera_DVP.cpp,947,2
cmd_cameraaec,,ho/System_Camera_DVP.cpp,1466,2
cmd_camerafps,,ho/System_Camera_DVP.cpp,1490,2
cmd_cameraaecvalue,,ho/System_Camera_DVP.cpp,1511,2
cmd_cameraagc,,ho/System_Camera_DVP.cpp,1537,2
cmd_cameraagcgain,,ho/System_Camera_DVP.cpp,1561,2
cmd_cameragainceiling,,ho/System_Camera_DVP.cpp,1597,2
cmd_camerawhitebal,,ho/System_Camera_DVP.cpp,1659,2
cmd_cameraawbgain,,ho/System_Camera_DVP.cpp,1666,2
cmd_cameraaec2,,ho/System_Camera_DVP.cpp,1673,2
cmd_cameradcw,,ho/System_Camera_DVP.cpp,1680,2
cmd_camerabpc,,ho/System_Camera_DVP.cpp,1687,2
cmd_camerawpc,,ho/System_Camera_DVP.cpp,1694,2
cmd_cameragamma,,ho/System_Camera_DVP.cpp,1701,2
cmd_cameralenc,,ho/System_Camera_DVP.cpp,1708,2
cmd_cameracolorbar,,ho/System_Camera_DVP.cpp,1718,2
cmd_camerareg,,ho/System_Camera_DVP.cpp,1728,2
cmd_cameradump,,ho/System_Camera_DVP.cpp,1762,2
cmd_camerafx,,ho/System_Camera_DVP.cpp,1807,2
cmd_camerarotate,,ho/System_Camera_DVP.cpp,1896,2
cmd_cameraautostart,,ho/System_Camera_DVP.cpp,1926,2
cmd_camerastoragelocation,,ho/System_Camera_DVP.cpp,1943,2
cmd_cameracapturefolder,,ho/System_Camera_DVP.cpp,1961,2
cmd_cameramaxstoredimages,,ho/System_Camera_DVP.cpp,1977,2
cmd_cameraautocapture,,ho/System_Camera_DVP.cpp,1995,2
cmd_cameraautocaptureinterval,,ho/System_Camera_DVP.cpp,2012,2
cmd_camerasendaftercapture,,ho/System_Camera_DVP.cpp,2030,2
cmd_cameratargetdevice,,ho/System_Camera_DVP.cpp,2043,2
cmd_camerasave,,ho/System_Camera_DVP.cpp,2063,2
cmd_camerarecord,,ho/System_Camera_DVP.cpp,2094,2
cmd_cameravideolist,,ho/System_Camera_DVP.cpp,2120,2
cmd_cameravideodelete,,ho/System_Camera_DVP.cpp,2155,2
isCameraConnected,,ho/System_Camera_DVP.cpp,2248,2
streamCameraSensorCard,,ho/System_Camera_DVP_Web.h,19,2
streamCameraSensorBindButtons,,ho/System_Camera_DVP_Web.h,145,2
streamCameraSensorJs,,ho/System_Camera_DVP_Web.h,159,2
streamCameraDashboardDef,,ho/System_Camera_DVP_Web.h,567,2
buildHeaderSkeleton,,ho/System_Camera_Video.cpp,107,2
probeJpegDims,,ho/System_Camera_Video.cpp,183,2
ensureVideosFolder,,ho/System_Camera_Video.cpp,203,2
writeFrameChunk,,ho/System_Camera_Video.cpp,220,2
finalizeAndClose,,ho/System_Camera_Video.cpp,250,2
formatISO8601Local,,ho/System_Clock.cpp,44,2
formatFilenameLocal,,ho/System_Clock.cpp,56,2
formatHHMMLocal,,ho/System_Clock.cpp,66,2
hasKey,CommandArgs,ho/System_Command.cpp,465,2
debugOutputTask,,ho/System_Debug.cpp,161,2
cmd_loglevel,,ho/System_Debug.cpp,360,2
markTrunc,,ho/System_Debug.cpp,574,2
stripAnsiInPlace,,ho/System_Debug.cpp,775,2
idfLogVprintf,,ho/System_Debug.cpp,792,2
setIdfLogBridge,,ho/System_Debug.cpp,813,2
cmd_outg2,,ho/System_Debug.cpp,898,2
cmd_outble,,ho/System_Debug.cpp,930,2
cmd_debughttps,,ho/System_Debug.cpp,983,2
cmd_debugmqttconnection,,ho/System_Debug.cpp,1048,2
cmd_debugmqttpubsub,,ho/System_Debug.cpp,1051,2
cmd_debugmqttdiscovery,,ho/System_Debug.cpp,1054,2
cmd_debugmqttcommands,,ho/System_Debug.cpp,1057,2
cmd_debugi2c,,ho/System_Debug.cpp,1069,2
cmd_debugi2cbus,,ho/System_Debug.cpp,1073,2
cmd_debugi2cdiscovery,,ho/System_Debug.cpp,1076,2
cmd_debugi2cautostart,,ho/System_Debug.cpp,1079,2
cmd_debugbluetooth,,ho/System_Debug.cpp,1122,2
cmd_debugbluetoothcore,,ho/System_Debug.cpp,1137,2
cmd_debugbluetoothgatt,,ho/System_Debug.cpp,1152,2
cmd_debugbluetoothdata,,ho/System_Debug.cpp,1167,2
cmd_debugcommandsystem,,ho/System_Debug.cpp,1208,2
cmd_webconsole,,ho/System_Debug.cpp,1229,2
cmd_debuganoencoder,,ho/System_Debug.cpp,1263,2
syncLlmParent,,ho/System_Debug.cpp,1376,2
cmd_debugfmradio,,ho/System_Debug.cpp,1427,2
cmd_debugg2,,ho/System_Debug.cpp,1432,2
cmd_debugg2lifecycle,,ho/System_Debug.cpp,1436,2
cmd_debugg2protocol,,ho/System_Debug.cpp,1439,2
cmd_debugg2events,,ho/System_Debug.cpp,1442,2
cmd_debugg2pages,,ho/System_Debug.cpp,1445,2
cmd_debugg2heartbeat,,ho/System_Debug.cpp,1448,2
cmd_debugg2dump,,ho/System_Debug.cpp,1451,2
cmd_memorysampleintervalsec,,ho/System_Debug.cpp,1535,2
cmd_loglink,,ho/System_Debug.cpp,1702,2
cmd_debugstack,,ho/System_Debug.cpp,2550,2
queueDebugMessage,DebugManager,ho/System_Debug.cpp,3023,2
shutdown,DebugManager,ho/System_Debug.cpp,3048,2
logToFile,,ho/System_Debug.cpp,3085,2
v4_reasm_gc,,ho/System_ESPNow.cpp,145,2
v4_reasm_find_or_alloc,,ho/System_ESPNow.cpp,159,2
v4_frag_ack_alloc,,ho/System_ESPNow.cpp,194,2
loadMeshPeers,,ho/System_ESPNow.cpp,550,2
restoreEspNowPeers,,ho/System_ESPNow.cpp,635,2
validateBondSessionToken,,ho/System_ESPNow.cpp,767,2
formatSessionToken,,ho/System_ESPNow.cpp,790,2
parseSessionToken,,ho/System_ESPNow.cpp,803,2
sendChunkedResponse,,ho/System_ESPNow.cpp,870,2
createStreamSession,,ho/System_ESPNow.cpp,1002,2
broadcast_tracker_find,,ho/System_ESPNow.cpp,1092,2
broadcast_tracker_record_ack,,ho/System_ESPNow.cpp,1113,2
meshByFingerprint,,ho/System_ESPNow.cpp,1171,2
initPrimaryMeshFromLegacySettings,,ho/System_ESPNow.cpp,1359,2
v4_dedup_seen_and_insert,,ho/System_ESPNow.cpp,1395,2
v4_dedup_flush_origin,,ho/System_ESPNow.cpp,1417,2
broadcast_tracker_check_timeouts,,ho/System_ESPNow.cpp,1426,2
v4_broadcast_time_sync,,ho/System_ESPNow.cpp,2247,2
v4_send_topo_request,,ho/System_ESPNow.cpp,2257,2
v4_broadcast_topo_request,,ho/System_ESPNow.cpp,2272,2
v4_send_topo_start,,ho/System_ESPNow.cpp,2431,2
processBondModeManifestResp,,ho/System_ESPNow.cpp,2631,2
v4h_time_sync,,ho/System_ESPNow.cpp,2732,2
v4h_text,,ho/System_ESPNow.cpp,2751,2
v4h_cmd,,ho/System_ESPNow.cpp,2802,2
v4h_cmd_resp,,ho/System_ESPNow.cpp,2821,2
v4h_heartbeat,,ho/System_ESPNow.cpp,2842,2
v4h_sensor_status,,ho/System_ESPNow.cpp,2906,2
v4h_sensor_broadcast,,ho/System_ESPNow.cpp,2927,2
v4h_bond_heartbeat,,ho/System_ESPNow.cpp,2967,2
v4h_stream_ctrl,,ho/System_ESPNow.cpp,3048,2
v4h_topo_req,,ho/System_ESPNow.cpp,3060,2
v4h_topo_start,,ho/System_ESPNow.cpp,3132,2
v4h_topo_peer,,ho/System_ESPNow.cpp,3189,2
runDeferredBondAuthFailLog,,ho/System_ESPNow.cpp,3270,2
doUserSyncWork,,ho/System_ESPNow.cpp,3313,2
runDeferredUserSync,,ho/System_ESPNow.cpp,3472,2
v4h_user_sync,,ho/System_ESPNow.cpp,3479,2
v4h_bond_cap_req,,ho/System_ESPNow.cpp,3501,2
v4h_bond_cap_resp,,ho/System_ESPNow.cpp,3514,2
v4h_sensor_data,,ho/System_ESPNow.cpp,3539,2
v4h_settings_req,,ho/System_ESPNow.cpp,3559,2
v4h_schema_req,,ho/System_ESPNow.cpp,3572,2
v4h_bond_status_req,,ho/System_ESPNow.cpp,3582,2
v4h_bond_status_resp,,ho/System_ESPNow.cpp,3591,2
v4h_manifest_req,,ho/System_ESPNow.cpp,3603,2
v4h_fs_list_req,,ho/System_ESPNow.cpp,3638,2
v4h_fs_list_reply,,ho/System_ESPNow.cpp,3641,2
v4h_fs_stat_req,,ho/System_ESPNow.cpp,3644,2
v4h_fs_stat_reply,,ho/System_ESPNow.cpp,3647,2
v4h_fs_get_req,,ho/System_ESPNow.cpp,3650,2
v4h_fs_get_ack,,ho/System_ESPNow.cpp,3653,2
v4h_subscribe_update,,ho/System_ESPNow.cpp,3658,2
v4h_metadata_req,,ho/System_ESPNow.cpp,3685,2
v4h_stream,,ho/System_ESPNow.cpp,3736,2
v4h_file_start,,ho/System_ESPNow.cpp,3770,2
v4h_file_data,,ho/System_ESPNow.cpp,3794,2
v4h_file_end,,ho/System_ESPNow.cpp,3821,2
v4h_file_cancel,,ho/System_ESPNow.cpp,3988,2
v4_dispatch_lookup,,ho/System_ESPNow.cpp,4097,2
v4_try_handle_incoming,,ho/System_ESPNow.cpp,4176,2
v4CmdResultCallback,,ho/System_ESPNow.cpp,4692,2
espnowCaptureBase64,,ho/System_ESPNow.cpp,4984,2
ensureCaptureFile,,ho/System_ESPNow.cpp,5010,2
cacheSettingsToLittleFS,,ho/System_ESPNow.cpp,5635,2
sendBondSettings,,ho/System_ESPNow.cpp,5749,2
sendBondSchema,,ho/System_ESPNow.cpp,5878,2
sendBondManifest,,ho/System_ESPNow.cpp,5995,2
runDeferredBondFileSend,,ho/System_ESPNow.cpp,6047,2
loadManifestFromCache,,ho/System_ESPNow.cpp,6302,2
sendMetadata,,ho/System_ESPNow.cpp,6396,2
processMetadata,,ho/System_ESPNow.cpp,6444,2
shouldChunk,,ho/System_ESPNow.cpp,6647,2
updateUnpairedDevice,,ho/System_ESPNow.cpp,6652,2
createTopoStream,,ho/System_ESPNow.cpp,6728,2
cleanupStaleTopoStreams,,ho/System_ESPNow.cpp,7079,2
loadEspNowDevices,,ho/System_ESPNow.cpp,7135,2
espnowInboundFileActiveFrom,,ho/System_ESPNow.cpp,7583,2
espnowHeartbeatTaskFn,,ho/System_ESPNow.cpp,8396,2
deferredEspNowInitFn,,ho/System_ESPNow.cpp,8948,2
deinitEspNow,,ho/System_ESPNow.cpp,9001,2
cmd_espnow_broadcaststats,,ho/System_ESPNow.cpp,9231,2
cmd_espnow_saturation,,ho/System_ESPNow.cpp,9280,2
cmd_espnow_saturationreset,,ho/System_ESPNow.cpp,9287,2
cmd_espnow_identity,,ho/System_ESPNow.cpp,9381,2
cmd_espnow_keyex,,ho/System_ESPNow.cpp,9428,2
cmd_espnow_sessionopen,,ho/System_ESPNow.cpp,9472,2
cmd_espnow_probe,,ho/System_ESPNow.cpp,9518,2
cmd_espnow_rekey,,ho/System_ESPNow.cpp,9617,2
cmd_espnow_subs,,ho/System_ESPNow.cpp,9649,2
cmd_espnow_requestevents,,ho/System_ESPNow.cpp,9706,2
cmd_espnow_sessionsend,,ho/System_ESPNow.cpp,9768,2
cmd_espnow_sessions,,ho/System_ESPNow.cpp,9820,2
cmd_espnow_regenidentity,,ho/System_ESPNow.cpp,9881,2
cmd_espnow_meshttl,,ho/System_ESPNow.cpp,10040,2
cmd_espnow_meshmetrics,,ho/System_ESPNow.cpp,10077,2
cmd_espnow_worker,,ho/System_ESPNow.cpp,10737,2
cmd_espnow_meshsave,,ho/System_ESPNow.cpp,11003,2
cmd_espnow_forget,,ho/System_ESPNow.cpp,11399,2
meshSlotByLabel,,ho/System_ESPNow.cpp,11841,2
espnowOpenPairingWindow,,ho/System_ESPNow.cpp,12001,2
cmd_espnow_requestmeta,,ho/System_ESPNow.cpp,12175,2
cmd_espnow_browse,,ho/System_ESPNow.cpp,12220,2
cmd_espnow_fetch,,ho/System_ESPNow.cpp,12296,2
cmd_bond_showcap,,ho/System_ESPNow.cpp,12779,2
cmd_bond_resync,,ho/System_ESPNow.cpp,12943,2
cmd_bond_showremotemanifest,,ho/System_ESPNow.cpp,13041,2
cmd_bond_showmanifest,,ho/System_ESPNow.cpp,13127,2
cmd_bond_connect,,ho/System_ESPNow.cpp,13154,2
cmd_bond_disconnect,,ho/System_ESPNow.cpp,13222,2
cmd_bond_status,,ho/System_ESPNow.cpp,13244,2
cmd_bond_role,,ho/System_ESPNow.cpp,13331,2
cmd_bond_stream,,ho/System_ESPNow.cpp,13469,2
cmd_bond_testsensor,,ho/System_ESPNow.cpp,13561,2
cmd_espnow_buffers,,ho/System_ESPNow.cpp,13615,2
cmd_espnow_messages,,ho/System_ESPNow.cpp,13741,2
findEspnowEntry,,ho/System_ESPNow.cpp,14016,2
growPeerHistoryArray,,ho/System_ESPNow.cpp,14112,2
espnowCollapsedPeerMessages,,ho/System_ESPNow.cpp,14522,2
getCapabilityListShort,,ho/System_ESPNow.h,471,2
meshPathLengthCount,,ho/System_ESPNow.h,693,2
fileSlotsGetMsgId,,ho/System_ESPNow_Files.cpp,311,2
allocPendingSlotLocked,,ho/System_ESPNow_FsList.cpp,143,2
runDeferredFsOpOnCmdExec,,ho/System_ESPNow_FsList.cpp,406,2
resolveMeshSlot,,ho/System_ESPNow_Handlers_Crypto.cpp,67,2
ctMemcmp32,,ho/System_ESPNow_Handlers_Crypto.cpp,129,2
keyExInFlightArm,,ho/System_ESPNow_Handlers_Crypto.cpp,500,2
runDeferredSessionOpen,,ho/System_ESPNow_Handlers_Crypto.cpp,672,2
runDeferredSessionConfirm,,ho/System_ESPNow_Handlers_Crypto.cpp,812,2
runDeferredRekey,,ho/System_ESPNow_Handlers_Crypto.cpp,1135,2
ensureIdentityDirs,,ho/System_ESPNow_Identity.cpp,58,2
readIdentityFile,,ho/System_ESPNow_Identity.cpp,132,2
findFreeSlot,,ho/System_ESPNow_Identity.cpp,335,2
ensurePeerDir,,ho/System_ESPNow_Identity.cpp,350,2
readPeerIdentityFile,,ho/System_ESPNow_Identity.cpp,412,2
peerIdentityNoteSeen,,ho/System_ESPNow_Identity.cpp,497,2
peerIdentityForget,,ho/System_ESPNow_Identity.cpp,542,2
computeMeshSalt,,ho/System_ESPNow_MeshKeys.cpp,34,2
meshKeysInvalidate,,ho/System_ESPNow_MeshKeys.cpp,126,2
transmitSensorData,,ho/System_ESPNow_Sensors.cpp,438,2
sensorBroadcasterTask,,ho/System_ESPNow_Sensors.cpp,513,2
cleanupExpiredRemoteSensorData,,ho/System_ESPNow_Sensors.cpp,726,2
hasRemoteGPSData,,ho/System_ESPNow_Sensors.cpp,971,2
replayCheckAndInsert,,ho/System_ESPNow_Sessions.cpp,203,2
sessionStateName,,ho/System_ESPNow_Sessions.cpp,243,2
ensurePendingAllocated,,ho/System_ESPNow_Sessions.cpp,412,2
ensureSendStatusAllocated,,ho/System_ESPNow_Sessions.cpp,591,2
allocateSlot,,ho/System_ESPNow_Sessions.cpp,616,2
sendStatusGet,,ho/System_ESPNow_Sessions.cpp,704,2
runJob,,ho/System_ESPNow_Tx.cpp,76,2
txTask,,ho/System_ESPNow_Tx.cpp,105,2
isVoiceArmed,,ho/System_ESPSR.cpp,157,2
loadTargetsForCategory,,ho/System_ESPSR.cpp,413,2
categoryHasSubCategories,,ho/System_ESPSR.cpp,608,2
categoryHasDirectTargets,,ho/System_ESPSR.cpp,624,2
loadSubCategoriesForCategory,,ho/System_ESPSR.cpp,659,2
loadTargetsForCategorySubCategory,,ho/System_ESPSR.cpp,721,2
findCommandForSingleStageCategory,,ho/System_ESPSR.cpp,791,2
srAutoTuneCheck,,ho/System_ESPSR.cpp,1353,2
srDebugResetCounters,,ho/System_ESPSR.cpp,1428,2
ensureMNCommandMutex,,ho/System_ESPSR.cpp,1459,2
clampS16,,ho/System_ESPSR.cpp,1505,2
saveCommandsFileLocked,,ho/System_ESPSR.cpp,1553,2
setESPSRWakeCallback,,ho/System_ESPSR.cpp,2664,2
setEnabledFromArgs,,ho/System_ESPSR.cpp,2725,2
cmd_voice_arm_cli,,ho/System_ESPSR.cpp,2790,2
cmd_voice_disarm_cli,,ho/System_ESPSR.cpp,2809,2
cmd_voice_status_cli,,ho/System_ESPSR.cpp,2823,2
cmd_sr_stack,,ho/System_ESPSR.cpp,2861,2
cmd_voice_help,,ho/System_ESPSR.cpp,2890,2
cmd_sr_cmds,,ho/System_ESPSR.cpp,2897,2
cmd_sr_cmds_list,,ho/System_ESPSR.cpp,2903,2
cmd_sr_cmds_add,,ho/System_ESPSR.cpp,2941,2
cmd_sr_cmds_del,,ho/System_ESPSR.cpp,2974,2
cmd_sr_cmds_clear,,ho/System_ESPSR.cpp,3019,2
cmd_sr_cmds_reload,,ho/System_ESPSR.cpp,3044,2
cmd_sr_cmds_save,,ho/System_ESPSR.cpp,3070,2
cmd_sr_cmds_sync,,ho/System_ESPSR.cpp,3088,2
cmd_setmicsource,,ho/System_ESPSR.cpp,3129,2
cmd_sr_debug,,ho/System_ESPSR.cpp,3157,2
cmd_sr_debug_level,,ho/System_ESPSR.cpp,3163,2
cmd_sr_debug_telem,,ho/System_ESPSR.cpp,3181,2
cmd_sr_debug_stats,,ho/System_ESPSR.cpp,3199,2
cmd_sr_debug_reset,,ho/System_ESPSR.cpp,3206,2
cmd_sr_confidence,,ho/System_ESPSR.cpp,3213,2
cmd_sr_accept,,ho/System_ESPSR.cpp,3255,2
cmd_sr_dyngain,,ho/System_ESPSR.cpp,3316,2
cmd_sr_raw,,ho/System_ESPSR.cpp,3405,2
cmd_sr_autotune,,ho/System_ESPSR.cpp,3429,2
cmd_sr_timeout,,ho/System_ESPSR.cpp,3491,2
cmd_sr_tuning,,ho/System_ESPSR.cpp,3514,2
cmd_sr_tuning_swgain,,ho/System_ESPSR.cpp,3540,2
cmd_sr_tuning_gain,,ho/System_ESPSR.cpp,3572,2
cmd_sr_tuning_agc,,ho/System_ESPSR.cpp,3594,2
cmd_sr_tuning_vad,,ho/System_ESPSR.cpp,3617,2
cmd_sr_tuning_filters,,ho/System_ESPSR.cpp,3639,2
cmd_sr_snip,,ho/System_ESPSR.cpp,3664,2
cmd_sr_snip_on,,ho/System_ESPSR.cpp,3670,2
cmd_sr_snip_off,,ho/System_ESPSR.cpp,3683,2
cmd_sr_snip_start,,ho/System_ESPSR.cpp,3690,2
cmd_sr_snip_stop,,ho/System_ESPSR.cpp,3703,2
cmd_sr_snip_status,,ho/System_ESPSR.cpp,3713,2
cmd_sr_snip_config,,ho/System_ESPSR.cpp,3745,2
isESPSRConnected,,ho/System_ESPSR.cpp,3857,2
loadLabelsFromExplicitPath,,ho/System_EdgeImpulse.cpp,84,2
loadLabelsFromFile,,ho/System_EdgeImpulse.cpp,109,2
findTrackedObject,,ho/System_EdgeImpulse.cpp,182,2
extractBaseName,,ho/System_EdgeImpulse.cpp,194,2
updateTrackedObjects,,ho/System_EdgeImpulse.cpp,213,2
setStateChangeCallback,,ho/System_EdgeImpulse.cpp,299,2
getTrackedObjectCount,,ho/System_EdgeImpulse.cpp,312,2
getTrackedObject,,ho/System_EdgeImpulse.cpp,316,2
buildStateChangeJson,,ho/System_EdgeImpulse.cpp,324,2
setupOpResolver,,ho/System_EdgeImpulse.cpp,378,2
isModelLoaded,,ho/System_EdgeImpulse.cpp,711,2
getLoadedModelPath,,ho/System_EdgeImpulse.cpp,715,2
ensureModelDirectory,,ho/System_EdgeImpulse.cpp,778,2
getLastDetectionResults,,ho/System_EdgeImpulse.cpp,1422,2
runInferenceFromFile,,ho/System_EdgeImpulse.cpp,1430,2
continuousInferenceTask,,ho/System_EdgeImpulse.cpp,1767,2
handleEIOrganize,,ho/System_EdgeImpulse.cpp,1920,2
handleEdgeImpulseDetect,,ho/System_EdgeImpulse.cpp,2021,2
cmd_ei_file,,ho/System_EdgeImpulse.cpp,2145,2
cmd_ei_model,,ho/System_EdgeImpulse.cpp,2249,2
cmd_ei_model_list,,ho/System_EdgeImpulse.cpp,2263,2
cmd_ei_model_load,,ho/System_EdgeImpulse.cpp,2272,2
cmd_ei_model_info,,ho/System_EdgeImpulse.cpp,2310,2
cmd_ei_model_unload,,ho/System_EdgeImpulse.cpp,2353,2
cmd_ei_track,,ho/System_EdgeImpulse.cpp,2367,2
cmd_ei_track_status,,ho/System_EdgeImpulse.cpp,2379,2
cmd_ei_track_enable,,ho/System_EdgeImpulse.cpp,2415,2
cmd_ei_track_clear,,ho/System_EdgeImpulse.cpp,2435,2
streamEdgeImpulseSensorBindButtons,,ho/System_EdgeImpulse_Web.h,80,2
streamEdgeImpulseSensorJs,,ho/System_EdgeImpulse_Web.h,85,2
isWiFiCompiled,,ho/System_FeatureRegistry.cpp,22,2
isBluetoothCompiled,,ho/System_FeatureRegistry.cpp,30,2
isHttpCompiled,,ho/System_FeatureRegistry.cpp,38,2
isEspNowCompiled,,ho/System_FeatureRegistry.cpp,46,2
isMqttCompiled,,ho/System_FeatureRegistry.cpp,54,2
isOledCompiled,,ho/System_FeatureRegistry.cpp,62,2
isNeoPixelCompiled,,ho/System_FeatureRegistry.cpp,70,2
isThermalCompiled,,ho/System_FeatureRegistry.cpp,79,2
isI2CCompiled,,ho/System_FeatureRegistry.cpp,87,2
isToFCompiled,,ho/System_FeatureRegistry.cpp,95,2
isIMUCompiled,,ho/System_FeatureRegistry.cpp,103,2
isGPSCompiled,,ho/System_FeatureRegistry.cpp,111,2
isFMRadioCompiled,,ho/System_FeatureRegistry.cpp,119,2
isCameraCompiled,,ho/System_FeatureRegistry.cpp,127,2
isMicrophoneCompiled,,ho/System_FeatureRegistry.cpp,135,2
isAPDSCompiled,,ho/System_FeatureRegistry.cpp,143,2
isInputCompiled,,ho/System_FeatureRegistry.cpp,151,2
isRTCCompiled,,ho/System_FeatureRegistry.cpp,159,2
isPresenceCompiled,,ho/System_FeatureRegistry.cpp,167,2
isAutomationCompiled,,ho/System_FeatureRegistry.cpp,175,2
isESPSRCompiled,,ho/System_FeatureRegistry.cpp,183,2
isEdgeImpulseCompiled,,ho/System_FeatureRegistry.cpp,191,2
isLLMCompiled,,ho/System_FeatureRegistry.cpp,199,2
initFeatureRegistry,,ho/System_FeatureRegistry.cpp,365,2
getCategoryHeapEstimate,,ho/System_FeatureRegistry.cpp,436,2
cmd_featuresetup,,ho/System_FeatureRegistry.cpp,627,2
moveToTop,FileManager,ho/System_FileManager.cpp,144,2
moveToBottom,FileManager,ho/System_FileManager.cpp,149,2
createFolder,FileManager,ho/System_FileManager.cpp,244,2
createFile,FileManager,ho/System_FileManager.cpp,259,2
deleteItem,FileManager,ho/System_FileManager.cpp,275,2
renameItem,FileManager,ho/System_FileManager.cpp,295,2
readFile,FileManager,ho/System_FileManager.cpp,315,2
writeFile,FileManager,ho/System_FileManager.cpp,341,2
isProtectedPath,FileManager,ho/System_FileManager.cpp,538,2
bytesNeedBase64,,ho/System_Filesystem.cpp,454,2
filesListingJsonForApp,,ho/System_Filesystem.cpp,521,2
cmd_files,,ho/System_Filesystem.cpp,533,2
cmd_mkdir,,ho/System_Filesystem.cpp,581,2
cmd_rmdir,,ho/System_Filesystem.cpp,629,2
cmd_filecreate,,ho/System_Filesystem.cpp,648,2
cmd_fileview,,ho/System_Filesystem.cpp,672,2
cmd_filerename,,ho/System_Filesystem.cpp,722,2
cmd_fileread,,ho/System_Filesystem.cpp,760,2
cmd_filewrite,,ho/System_Filesystem.cpp,834,2
filedelete_confirmed,,ho/System_Filesystem.cpp,958,2
filedelete_cancelled,,ho/System_Filesystem.cpp,962,2
cmd_filedelete,,ho/System_Filesystem.cpp,970,2
cmd_logtier,,ho/System_Filesystem.cpp,1031,2
pathWithinScope,,ho/System_Filesystem.cpp,1364,2
clearOledIfActive,,ho/System_FirstTimeSetup.cpp,131,2
serialWifiSelectionForRestore,,ho/System_FirstTimeSetup.cpp,161,2
g2statsReset,,ho/System_G2_Protocol.cpp,1300,2
cmd_thermalstart_queued,,ho/System_I2C.cpp,354,2
cmd_tofstart_queued,,ho/System_I2C.cpp,359,2
cmd_imustart_queued,,ho/System_I2C.cpp,364,2
cmd_apdsstart_queued,,ho/System_I2C.cpp,369,2
cmd_i2cbusenabled,,ho/System_I2C.cpp,636,2
cmd_i2csdapin,,ho/System_I2C.cpp,647,2
cmd_i2csclpin,,ho/System_I2C.cpp,660,2
cmd_i2c2busenabled,,ho/System_I2C.cpp,680,2
cmd_i2c2sdapin,,ho/System_I2C.cpp,691,2
cmd_i2c2sclpin,,ho/System_I2C.cpp,704,2
findSensorIndexByAddress,,ho/System_I2C.cpp,941,2
detectIsHeavyModule,,ho/System_I2C.cpp,1099,2
cmd_discover,,ho/System_I2C.cpp,1533,2
buildSensorsJson,,ho/System_I2C.cpp,1663,2
getEnabledSensorHeapEstimate,,ho/System_I2C.cpp,1911,2
cmd_sensorautostart,,ho/System_I2C.cpp,1921,2
cmd_i2creset,,ho/System_I2C.cpp,2034,2
cmd_i2cpause,,ho/System_I2C.cpp,2055,2
cmd_i2cresume,,ho/System_I2C.cpp,2069,2
cmd_i2crecover,,ho/System_I2C.cpp,2083,2
i2cConfirmRead,,ho/System_I2C.h,269,2
i2cDeviceIsDegraded,,ho/System_I2C.h,337,2
getDeviceByName,I2CDeviceManager,ho/System_I2C_Manager.cpp,150,2
busBeginTask,,ho/System_I2C_Manager.cpp,208,2
discoverDevices,I2CDeviceManager,ho/System_I2C_Manager.cpp,617,2
classifyI2CError,,ho/System_I2C_Manager.cpp,636,2
I2CDeviceManager_getInstance,,ho/System_I2C_Manager.h,402,2
getImage,ImageManager,ho/System_ImageManager.cpp,364,2
getImageInfo,ImageManager,ho/System_ImageManager.cpp,401,2
llmAsyncTask,,ho/System_LLM.cpp,160,2
vecstats,,ho/System_LLM.cpp,227,2
cmd_llm_corrupt_test,,ho/System_LLM.cpp,1828,2
cmd_llm_status,,ho/System_LLM.cpp,1835,2
cmd_llm_load,,ho/System_LLM.cpp,1893,2
cmd_llm_unload,,ho/System_LLM.cpp,1928,2
cmd_llm_models,,ho/System_LLM.cpp,1933,2
cmd_llm_generate,,ho/System_LLM.cpp,1964,2
cmd_llm_result,,ho/System_LLM.cpp,2019,2
cmd_llm_stop,,ho/System_LLM.cpp,2063,2
cmd_llm_clear,,ho/System_LLM.cpp,2068,2
cmd_llm_retry,,ho/System_LLM.cpp,2079,2
cmd_llm_turns,,ho/System_LLM.cpp,2092,2
matmul,,ho/System_LLM_Kernels.cpp,76,2
validateLlmConfig,,ho/System_LLM_Model.cpp,36,2
parseModelHeader,,ho/System_LLM_Model.cpp,217,2
prescanTiedWeights,,ho/System_LLM_Model.cpp,272,2
computeMemoryLayout,,ho/System_LLM_Model.cpp,346,2
spotCheckWeights,,ho/System_LLM_Model.cpp,542,2
allocateRunState,,ho/System_LLM_Model.cpp,698,2
buildLayerTensors,,ho/System_LLM_Model.cpp,792,2
sample_topp,,ho/System_LLM_Sampler.cpp,36,2
initExternalSensorStorage,,ho/System_MQTT.cpp,95,2
updateExternalSensor,,ho/System_MQTT.cpp,101,2
subscribeToExternalTopics,,ho/System_MQTT.cpp,135,2
isMqttAvailable,,ho/System_MQTT.cpp,218,2
subscribeToCommandTopic,,ho/System_MQTT.cpp,318,2
handleMQTTCommand,,ho/System_MQTT.cpp,332,2
publishMQTTDiscovery,,ho/System_MQTT.cpp,469,2
publishMeshPeerSensorData,,ho/System_MQTT.cpp,699,2
mqtt_event_handler,,ho/System_MQTT.cpp,779,2
cmd_mqttclientenabled,,ho/System_MQTT.cpp,1199,2
cmd_mqttautostart,,ho/System_MQTT.cpp,1216,2
cmd_mqtthost,,ho/System_MQTT.cpp,1228,2
cmd_mqttport,,ho/System_MQTT.cpp,1245,2
cmd_mqtttlsmode,,ho/System_MQTT.cpp,1265,2
cmd_mqttcacertpath,,ho/System_MQTT.cpp,1323,2
cmd_mqttuser,,ho/System_MQTT.cpp,1357,2
cmd_mqttpassword,,ho/System_MQTT.cpp,1378,2
cmd_mqttbasetopic,,ho/System_MQTT.cpp,1394,2
cmd_mqttdiscoveryprefix,,ho/System_MQTT.cpp,1415,2
cmd_mqttpublishinterval,,ho/System_MQTT.cpp,1432,2
cmd_mqttsubscribe,,ho/System_MQTT.cpp,1452,2
cmd_mqtttopics,,ho/System_MQTT.cpp,1471,2
cmd_mqttexternalsensors,,ho/System_MQTT.cpp,1492,2
mapHighlightByName,,ho/System_Maps.cpp,76,2
mapHighlightByType,,ho/System_Maps.cpp,86,2
mapLayersSetVisible,,ho/System_Maps.cpp,167,2
mapSubtypeIsVisible,,ho/System_Maps.cpp,175,2
mapSubtypeSetMask,,ho/System_Maps.cpp,192,2
mapLayerIsVisible,,ho/System_Maps.cpp,197,2
paramLayerIsVisible,,ho/System_Maps.cpp,227,2
paramSubtypeIsVisible,,ho/System_Maps.cpp,245,2
cmd_gpstrack,,ho/System_Maps.cpp,2950,2
cmd_waypointfile,,ho/System_Maps.cpp,3112,2
cmd_waypointfiles,,ho/System_Maps.cpp,3218,2
mapBaseNameNoExt,,ho/System_Maps.cpp,3273,2
cmd_mapzoom,,ho/System_Maps.cpp,3612,2
cmd_maplayers,,ho/System_Maps.cpp,3625,2
cmd_mapcachekb,,ho/System_Maps.cpp,3638,2
mapLodFeatureVisibleAtZoom,,ho/System_Maps.h,133,2
allocate,,ho/System_MemUtil.h,289,2
psramJsonAllocator,,ho/System_MemUtil.h,323,2
getAllMemoryRequirements,,ho/System_MemoryMonitor.cpp,139,2
isReachable,,ho/System_MeshPeers.cpp,14,2
countByRoom,,ho/System_MeshPeers.cpp,56,2
micPrimaryRecordingsFolder,,ho/System_Microphone.cpp,48,2
micVisualizerTaskFunc,,ho/System_Microphone.cpp,1037,2
cmd_micviz,,ho/System_Microphone.cpp,1108,2
cmd_micautostart,,ho/System_Microphone.cpp,1128,2
isMicConnected,,ho/System_Microphone.cpp,1172,2
displayMicrophone,,ho/System_Microphone_OLED.h,16,2
microphoneOLEDModeAvailable,,ho/System_Microphone_OLED.h,73,2
microphoneInputHandler,,ho/System_Microphone_OLED.h,89,2
streamMicrophoneSensorCard,,ho/System_Microphone_Web.h,17,2
streamMicrophoneSensorBindButtons,,ho/System_Microphone_Web.h,83,2
streamMicrophoneSensorJS,,ho/System_Microphone_Web.h,88,2
streamMicrophoneDashboardDef,,ho/System_Microphone_Web.h,250,2
isI2cLockedByCurrentTask,,ho/System_Mutex.cpp,72,2
i2cLock,,ho/System_Mutex.cpp,177,2
i2cUnlock,,ho/System_Mutex.cpp,183,2
blendColors,,ho/System_NeoPixel.cpp,190,2
adjustBrightness,,ho/System_NeoPixel.cpp,200,2
getClosestColorName,,ho/System_NeoPixel.cpp,233,2
cmd_ledcolor,,ho/System_NeoPixel.cpp,325,2
cmd_ledclear,,ho/System_NeoPixel.cpp,349,2
cmd_ledeffect,,ho/System_NeoPixel.cpp,355,2
deleteNotifContext,,ho/System_Notifications.cpp,75,2
clearNotificationContext,,ho/System_Notifications.cpp,117,2
levelToNum,,ho/System_Notifications.cpp,143,2
notifyPairConnected,,ho/System_Notifications.cpp,189,2
notifyPairDisconnected,,ho/System_Notifications.cpp,199,2
notifyPairHandshakeComplete,,ho/System_Notifications.cpp,209,2
notifyRemoteCommandResult,,ho/System_Notifications.cpp,223,2
notifyBleDeviceConnected,,ho/System_Notifications.cpp,316,2
notifyBleDeviceDisconnected,,ho/System_Notifications.cpp,326,2
notifyGestureNavToggled,,ho/System_Notifications.cpp,336,2
getPowerModeCpuFreq,,ho/System_Power.cpp,43,2
getPowerModeDisplayBrightness,,ho/System_Power.cpp,50,2
checkAutoPowerMode,,ho/System_Power.cpp,111,2
cmd_power,,ho/System_Power.cpp,135,2
cmd_powercooldown,,ho/System_Power.cpp,288,2
cmd_powersave,,ho/System_Power.cpp,313,2
isPowerModuleConnected,,ho/System_Power.cpp,348,2
r1Crc32EnsureTable,,ho/System_R1_Protocol.cpp,64,2
r1EncodeStatus,,ho/System_R1_Protocol.cpp,95,2
r1DecodeStatus,,ho/System_R1_Protocol.cpp,99,2
buildHeartbeat,R1Encoder,ho/System_R1_Protocol.cpp,209,2
buildDeviceInfoQuery,R1Encoder,ho/System_R1_Protocol.cpp,215,2
annotateDeviceStatus,,ho/System_R1_Protocol.cpp,446,2
annotateDeviceInfo,,ho/System_R1_Protocol.cpp,460,2
annotateDeviceSn,,ho/System_R1_Protocol.cpp,475,2
annotateAlgoKey,,ho/System_R1_Protocol.cpp,490,2
annotateWearStatus,,ho/System_R1_Protocol.cpp,508,2
annotateHealthSettings,,ho/System_R1_Protocol.cpp,520,2
annotateNvRecover,,ho/System_R1_Protocol.cpp,543,2
annotateSleep,,ho/System_R1_Protocol.cpp,737,2
annotateActivityDaily,,ho/System_R1_Protocol.cpp,797,2
dramFreeBytes,,ho/System_SelfDevice.cpp,28,2
getCameraConnected,,ho/System_SensorRegistry.cpp,18,2
getCameraEnabled,,ho/System_SensorRegistry.cpp,22,2
getCameraTask,,ho/System_SensorRegistry.cpp,26,2
getMicConnected,,ho/System_SensorRegistry.cpp,44,2
getMicEnabled,,ho/System_SensorRegistry.cpp,48,2
getMicTask,,ho/System_SensorRegistry.cpp,52,2
findNonI2CSensor,,ho/System_SensorRegistry.cpp,97,2
initSensorRegistry,,ho/System_SensorRegistry.cpp,107,2
jsonPathRead,,ho/System_Settings.cpp,74,2
cmd_outserial,,ho/System_Settings.cpp,146,2
cmd_outweb,,ho/System_Settings.cpp,174,2
settingsLoadClampFloat,,ho/System_Settings.cpp,1947,2
buildModuleControlsJson,,ho/System_Settings.cpp,2264,2
getWizardInfrastructureCostKB,,ho/System_SetupWizard.cpp,307,2
wizardShouldShowWebMode,,ho/System_SetupWizard.cpp,634,2
wizardShouldShowBtMode,,ho/System_SetupWizard.cpp,642,2
handleSerialESPNowPage,,ho/System_SetupWizard.cpp,1076,2
handleSerialMQTTPage,,ho/System_SetupWizard.cpp,1169,2
handleSerialWiFiPage,,ho/System_SetupWizard.cpp,1299,2
paintHeader,,ho/System_SetupWizardMode.cpp,141,2
paintAfterTransition,,ho/System_SetupWizardMode.cpp,169,2
wizardMode_onEnter,,ho/System_SetupWizardMode.cpp,737,2
wizardMode_onExit,,ho/System_SetupWizardMode.cpp,791,2
wizardMode_onTick,,ho/System_SetupWizardMode.cpp,843,2
reportTaskStack,,ho/System_TaskUtils.cpp,344,2
isTransportAdmin,,ho/System_User.cpp,556,2
promoteUserToAdminInternal,,ho/System_User.cpp,1358,2
demoteUserFromAdminInternal,,ho/System_User.cpp,1460,2
deleteUserInternal,,ho/System_User.cpp,1540,2
user_delete_confirmed,,ho/System_User.cpp,1768,2
user_delete_cancelled,,ho/System_User.cpp,1784,2
usernameExistsInUsersJson,,ho/System_User.cpp,2508,2
userSyncParseMacAddress,,ho/System_User.cpp,3198,2
userSyncResolveDeviceNameOrMac,,ho/System_User.cpp,3210,2
taskOperationStart,,ho/System_Utils.cpp,97,2
taskOperationComplete,,ho/System_Utils.cpp,101,2
resetTaskMetrics,,ho/System_Utils.cpp,129,2
parseJsonBool,,ho/System_Utils.cpp,384,2
parseJsonFloat,,ho/System_Utils.cpp,433,2
parseJsonU16,,ho/System_Utils.cpp,466,2
urlEncode,,ho/System_Utils.cpp,553,2
serializeJsonArrayWithRepair,,ho/System_Utils.cpp,641,2
formatDateTime,,ho/System_Utils.cpp,660,2
waitForSerialInput,,ho/System_Utils.cpp,671,2
isQuietPollCommand,,ho/System_Utils.cpp,859,2
redactEspNowRemote,,ho/System_Utils.cpp,1065,2
cmd_temperature,,ho/System_Utils.cpp,1224,2
cmd_voltage,,ho/System_Utils.cpp,1241,2
cmd_cpufreq,,ho/System_Utils.cpp,1298,2
cmd_lightsleep,,ho/System_Utils.cpp,1341,2
cmd_status,,ho/System_Utils.cpp,1681,2
cmd_uptime,,ho/System_Utils.cpp,1727,2
cmd_time,,ho/System_Utils.cpp,1751,2
cmd_timeset,,ho/System_Utils.cpp,1826,2
cmd_fsusage,,ho/System_Utils.cpp,1897,2
cmd_testencryption,,ho/System_Utils.cpp,1935,2
cmd_testpassword,,ho/System_Utils.cpp,1957,2
cmd_reboot,,ho/System_Utils.cpp,1981,2
factoryreset_doRestart,,ho/System_Utils.cpp,2031,2
factoryreset_confirmed,,ho/System_Utils.cpp,2035,2
factoryreset_cancelled,,ho/System_Utils.cpp,2076,2
cmd_factoryreset,,ho/System_Utils.cpp,2080,2
cmd_broadcast,,ho/System_Utils.cpp,2105,2
nowEpoch,,ho/System_Utils.cpp,2310,2
dispatchCommand,,ho/System_Utils.cpp,2522,2
calculateSensorSystemMemory,,ho/System_Utils.cpp,2645,2
adminRequiredForLine,,ho/System_Utils.cpp,3420,2
authorizeCommand,,ho/System_Utils.cpp,3438,2
execCommandUnified,,ho/System_Utils.cpp,3957,2
initIconSystem,,ho/System_Utils.cpp,4015,2
getIconPath,,ho/System_Utils.cpp,4020,2
iconExists,,ho/System_Utils.cpp,4026,2
formatMacAddr,,ho/System_Utils.h,465,2
broadcastMultilineReport,,ho/System_VFS.cpp,52,2
sdPowerUpClocks,,ho/System_VFS.cpp,125,2
cmd_sdmount,,ho/System_VFS.cpp,894,2
cmd_sdunmount,,ho/System_VFS.cpp,921,2
cmd_sdformat,,ho/System_VFS.cpp,942,2
cmd_sdinfo,,ho/System_VFS.cpp,969,2
cmd_sddiag,,ho/System_VFS.cpp,1087,2
cmd_wifigettxpower,,ho/System_WiFi.cpp,452,2
normalizeWiFiPriorities,,ho/System_WiFi.cpp,583,2
cmd_ntpsync,,ho/System_WiFi.cpp,899,2
cmd_ntpstatus,,ho/System_WiFi.cpp,906,2
streamAutomationsInner,,ho/WebPage_Automations.h,5,2
streamBatteryContent,,ho/WebPage_Battery.cpp,41,2
streamBluetoothContent,,ho/WebPage_Bluetooth.cpp,12,2
streamBluetoothInner,,ho/WebPage_Bluetooth.h,19,2
streamBondContent,,ho/WebPage_Bond.cpp,950,2
handleBondPage,,ho/WebPage_Bond.cpp,958,2
handleBondStatus,,ho/WebPage_Bond.cpp,968,2
handleBondStream,,ho/WebPage_Bond.cpp,1252,2
handleBondExec,,ho/WebPage_Bond.cpp,1346,2
handleBondRole,,ho/WebPage_Bond.cpp,1420,2
handleBondCliBatch,,ho/WebPage_Bond.cpp,1472,2
handleBondSettingsSync,,ho/WebPage_Bond.cpp,1550,2
handleBondSettingsSchema,,ho/WebPage_Bond.cpp,1590,2
handleBondSettingsSchemaSync,,ho/WebPage_Bond.cpp,1608,2
handleBondSettings,,ho/WebPage_Bond.cpp,1636,2
handleBondPairedDevices,,ho/WebPage_Bond.cpp,1661,2
handleBondFsList,,ho/WebPage_Bond.cpp,1827,2
handleBondFsStat,,ho/WebPage_Bond.cpp,1964,2
handleBondFsGet,,ho/WebPage_Bond.cpp,2054,2
streamCLIInner,,ho/WebPage_CLI.h,7,2
streamDarkRoomLauncher,,ho/WebPage_DarkRoom.cpp,15,2
handleGamesLauncherPage,,ho/WebPage_DarkRoom.cpp,29,2
handleDarkRoomPage,,ho/WebPage_DarkRoom.cpp,37,2
streamDarkRoomDoc,,ho/WebPage_DarkRoom.h,24,2
streamDashboardInner,,ho/WebPage_Dashboard.h,48,2
streamEspNowContent,,ho/WebPage_ESPNow.cpp,19,2
handleEspNowPage,,ho/WebPage_ESPNow.cpp,27,2
handleEspNowMessages,,ho/WebPage_ESPNow.cpp,168,2
handleEspNowRemoteCap,,ho/WebPage_ESPNow.cpp,345,2
handleEspNowRemoteManifest,,ho/WebPage_ESPNow.cpp,432,2
streamEspNowInner,,ho/WebPage_ESPNow.h,17,2
streamFilesInner,,ho/WebPage_Files.h,8,2
streamGamesContent,,ho/WebPage_Games.cpp,12,2
handleGamesPage,,ho/WebPage_Games.cpp,20,2
handleLLMStatus,,ho/WebPage_LLM.cpp,59,2
handleLLMModels,,ho/WebPage_LLM.cpp,96,2
handleLLMLoad,,ho/WebPage_LLM.cpp,108,2
handleLLMUnload,,ho/WebPage_LLM.cpp,165,2
handleLLMStop,,ho/WebPage_LLM.cpp,176,2
handleLLMGenerate,,ho/WebPage_LLM.cpp,189,2
handleLLMPoll,,ho/WebPage_LLM.cpp,257,2
handleLLMChatTurns,,ho/WebPage_LLM.cpp,310,2
handleLLMChatRetry,,ho/WebPage_LLM.cpp,352,2
handleLLMChatClear,,ho/WebPage_LLM.cpp,383,2
streamLLMContent,,ho/WebPage_LLM.cpp,394,2
handleLLMPage,,ho/WebPage_LLM.cpp,402,2
streamLLMInner,,ho/WebPage_LLM.h,22,2
streamLoggingInner,,ho/WebPage_Logging.h,8,2
handleMqttPage,,ho/WebPage_MQTT.cpp,441,2
handleMqttStatus,,ho/WebPage_MQTT.cpp,453,2
handleWaypointsPage,,ho/WebPage_Maps.cpp,285,2
streamMapsContent,,ho/WebPage_Maps.cpp,467,2
handleMapsPage,,ho/WebPage_Maps.cpp,475,2
streamMapsInner,,ho/WebPage_Maps.h,19,2
streamRegisterFormInner,,ho/WebPage_Register.h,5,2
streamRegisterResultInner,,ho/WebPage_Register.h,31,2
streamSettingsInner,,ho/WebPage_Settings.h,5,2
streamSpeechContent,,ho/WebPage_Speech.cpp,12,2
handleSpeechPage,,ho/WebPage_Speech.cpp,20,2
streamSpeechInner,,ho/WebPage_Speech.h,19,2
sseDebug,,ho/WebServer_Events.cpp,15,2
sseHeartbeat,,ho/WebServer_Events.cpp,61,2
handleBackup,,ho/WebServer_MigrationTool.cpp,192,2
registerMigrationRestoreHandler,,ho/WebServer_MigrationTool.cpp,577,2
unregisterMigrationRestoreHandler,,ho/WebServer_MigrationTool.cpp,595,2
handleRestoreSplash,,ho/WebServer_MigrationTool.cpp,605,2
handlePingRestore,,ho/WebServer_MigrationTool.cpp,627,2
requestIsInteraction,,ho/WebServer_Server.cpp,497,2
lockoutDurationMs,,ho/WebServer_Server.cpp,779,2
sseSessionAliveAndRefresh,,ho/WebServer_Server.cpp,1190,2
sseSendLogs,,ho/WebServer_Server.cpp,1239,2
clearLogoutReason,,ho/WebServer_Server.cpp,1379,2
streamPasswordChangeContent,,ho/WebServer_Server.cpp,1579,2
handleSensorsStatusStub,,ho/WebServer_Server.cpp,2330,2
handleSettingsSchema,,ho/WebServer_Server.cpp,2501,2
handleBuildConfig,,ho/WebServer_Server.cpp,2705,2
handleIconGet,,ho/WebServer_Server.cpp,4209,2
handleIconTestPage,,ho/WebServer_Server.cpp,4285,2
ssBulkToAnoBits,,ho/i2csensor_ano_encoder.cpp,62,2
anoResolveBus,,ho/i2csensor_ano_encoder.cpp,114,2
cmd_anoencoderswapud,,ho/i2csensor_ano_encoder.cpp,367,2
cmd_anoencoderswaplr,,ho/i2csensor_ano_encoder.cpp,378,2
streamAnoEncoderSensorCard,,ho/i2csensor_ano_encoder_web.h,20,2
streamAnoEncoderSensorBindButtons,,ho/i2csensor_ano_encoder_web.h,55,2
streamAnoEncoderSensorJs,,ho/i2csensor_ano_encoder_web.h,60,2
streamAnoEncoderDashboardDef,,ho/i2csensor_ano_encoder_web.h,156,2
isAPDSConnected,,ho/i2csensor_apds9960.cpp,52,2
cmd_apdsread,,ho/i2csensor_apds9960.cpp,105,2
cmd_apdsautostart,,ho/i2csensor_apds9960.cpp,393,2
apdsOLEDModeAvailable,,ho/i2csensor_apds9960_oled.h,48,2
apdsInputHandler,,ho/i2csensor_apds9960_oled.h,62,2
cmd_imuautostart,,ho/i2csensor_bno055.cpp,969,2
isIMUConnected,,ho/i2csensor_bno055.cpp,1156,2
displayIMUActions,,ho/i2csensor_bno055_oled.h,14,2
imuOLEDModeAvailable,,ho/i2csensor_bno055_oled.h,66,2
imuInputHandler,,ho/i2csensor_bno055_oled.h,80,2
streamBNO055ImuSensorCard,,ho/i2csensor_bno055_web.h,7,2
streamBNO055ImuSensorBindButtons,,ho/i2csensor_bno055_web.h,28,2
streamBNO055ImuSensorJs,,ho/i2csensor_bno055_web.h,32,2
streamBNO055ImuDashboardDef,,ho/i2csensor_bno055_web.h,223,2
rtcWriteRegister,,ho/i2csensor_ds3231.cpp,73,2
rtcDayOfWeek,,ho/i2csensor_ds3231.cpp,333,2
isRTCConnectedSetting,,ho/i2csensor_ds3231.cpp,868,2
cmd_rtcautostart,,ho/i2csensor_ds3231.cpp,888,2
displayRTCData,,ho/i2csensor_ds3231_oled.h,18,2
rtcOLEDModeAvailable,,ho/i2csensor_ds3231_oled.h,93,2
rtcNTPSyncConfirmed,,ho/i2csensor_ds3231_oled.h,123,2
rtcInputHandler,,ho/i2csensor_ds3231_oled.h,131,2
streamDS3231RtcSensorCard,,ho/i2csensor_ds3231_web.h,7,2
streamDS3231RtcSensorBindButtons,,ho/i2csensor_ds3231_web.h,21,2
streamDS3231RtcDashboardDef,,ho/i2csensor_ds3231_web.h,25,2
streamDS3231RtcSensorJs,,ho/i2csensor_ds3231_web.h,29,2
fuelGaugeResolveBus,,ho/i2csensor_max17048.cpp,37,2
isThermalConnected,,ho/i2csensor_mlx90640.cpp,56,2
cmd_thermalread,,ho/i2csensor_mlx90640.cpp,286,2
cmd_thermaldiag,,ho/i2csensor_mlx90640.cpp,1173,2
cmd_thermalautostart,,ho/i2csensor_mlx90640.cpp,1272,2
displayThermalVisual,,ho/i2csensor_mlx90640_oled.h,11,2
thermalOLEDModeAvailable,,ho/i2csensor_mlx90640_oled.h,103,2
thermalInputHandler,,ho/i2csensor_mlx90640_oled.h,117,2
streamMLX90640ThermalSensorCard,,ho/i2csensor_mlx90640_web.h,7,2
streamMLX90640ThermalSensorBindButtons,,ho/i2csensor_mlx90640_web.h,25,2
streamMLX90640ThermalSensorJs,,ho/i2csensor_mlx90640_web.h,29,2
streamMLX90640ThermalDashboardDef,,ho/i2csensor_mlx90640_web.h,112,2
isGPSConnected,,ho/i2csensor_pa1010d.cpp,523,2
cmd_gpslog,,ho/i2csensor_pa1010d.cpp,562,2
displayGPSData,,ho/i2csensor_pa1010d_oled.h,15,2
gpsOLEDModeAvailable,,ho/i2csensor_pa1010d_oled.h,91,2
gpsInputHandler,,ho/i2csensor_pa1010d_oled.h,117,2
streamPA1010DGpsSensorCard,,ho/i2csensor_pa1010d_web.h,7,2
streamPA1010DGpsSensorBindButtons,,ho/i2csensor_pa1010d_web.h,21,2
streamPA1010DGpsDashboardDef,,ho/i2csensor_pa1010d_web.h,25,2
streamPA1010DGpsSensorJs,,ho/i2csensor_pa1010d_web.h,29,2
cmd_servo,,ho/i2csensor_pca9685.cpp,69,2
cmd_servoprofile,,ho/i2csensor_pca9685.cpp,112,2
cmd_servolist,,ho/i2csensor_pca9685.cpp,144,2
cmd_servocalibrate,,ho/i2csensor_pca9685.cpp,189,2
cmd_pwm,,ho/i2csensor_pca9685.cpp,230,2
streamPCA9685ServoDriverCard,,ho/i2csensor_pca9685_web.h,7,2
streamPCA9685ServoDriverDashboardDef,,ho/i2csensor_pca9685_web.h,31,2
fmRadioResolveBus,,ho/i2csensor_rda5807.cpp,48,2
RDS_ServiceNameCallback,,ho/i2csensor_rda5807.cpp,92,2
RDS_TextCallback,,ho/i2csensor_rda5807.cpp,106,2
RDS_Process,,ho/i2csensor_rda5807.cpp,120,2
cmd_fmradio,,ho/i2csensor_rda5807.cpp,448,2
cmd_fmradioautostart,,ho/i2csensor_rda5807.cpp,750,2
isFMRadioConnected,,ho/i2csensor_rda5807.cpp,798,2
displayFmRadio,,ho/i2csensor_rda5807_oled.h,11,2
fmRadioOLEDModeAvailable,,ho/i2csensor_rda5807_oled.h,71,2
fmRadioInputHandler,,ho/i2csensor_rda5807_oled.h,85,2
streamRDA5807FmRadioSensorCard,,ho/i2csensor_rda5807_web.h,7,2
streamRDA5807FmRadioSensorBindButtons,,ho/i2csensor_rda5807_web.h,39,2
streamRDA5807FmRadioSensorJs,,ho/i2csensor_rda5807_web.h,43,2
streamRDA5807FmRadioDashboardDef,,ho/i2csensor_rda5807_web.h,52,2
i2cPing,,ho/i2csensor_seesaw.cpp,262,2
gamepadGetX,,ho/i2csensor_seesaw.cpp,666,2
gamepadGetY,,ho/i2csensor_seesaw.cpp,671,2
gamepadGetButtons,,ho/i2csensor_seesaw.cpp,676,2
displayGamepadVisual,,ho/i2csensor_seesaw_oled.h,14,2
gamepadOLEDModeAvailable,,ho/i2csensor_seesaw_oled.h,140,2
gamepadInputHandler,,ho/i2csensor_seesaw_oled.h,154,2
streamSeesawGamepadSensorCard,,ho/i2csensor_seesaw_web.h,7,2
streamSeesawGamepadSensorBindButtons,,ho/i2csensor_seesaw_web.h,39,2
streamSeesawGamepadSensorJs,,ho/i2csensor_seesaw_web.h,44,2
streamSeesawGamepadDashboardDef,,ho/i2csensor_seesaw_web.h,139,2
isPresenceConnected,,ho/i2csensor_sths34pf80.cpp,89,2
readRegisters,,ho/i2csensor_sths34pf80.cpp,145,2
cmd_presenceautostart,,ho/i2csensor_sths34pf80.cpp,441,2
displayPresenceData,,ho/i2csensor_sths34pf80_oled.h,11,2
presenceOLEDModeAvailable,,ho/i2csensor_sths34pf80_oled.h,69,2
presenceInputHandler,,ho/i2csensor_sths34pf80_oled.h,83,2
streamSTHS34PF80PresenceSensorCard,,ho/i2csensor_sths34pf80_web.h,116,2
streamSTHS34PF80PresenceSensorBindButtons,,ho/i2csensor_sths34pf80_web.h,137,2
streamSTHS34PF80PresenceDashboardDef,,ho/i2csensor_sths34pf80_web.h,142,2
streamSTHS34PF80PresenceSensorJs,,ho/i2csensor_sths34pf80_web.h,147,2
readToFDistance,,ho/i2csensor_vl53l4cx.cpp,63,2
cmd_tofautostart,,ho/i2csensor_vl53l4cx.cpp,618,2
isToFConnected,,ho/i2csensor_vl53l4cx.cpp,773,2
displayToFData,,ho/i2csensor_vl53l4cx_oled.h,11,2
tofOLEDModeAvailable,,ho/i2csensor_vl53l4cx_oled.h,56,2
tofInputHandler,,ho/i2csensor_vl53l4cx_oled.h,70,2
streamVL53L4CXTofSensorCard,,ho/i2csensor_vl53l4cx_web.h,7,2
streamVL53L4CXTofSensorBindButtons,,ho/i2csensor_vl53l4cx_web.h,31,2
streamVL53L4CXTofSensorJs,,ho/i2csensor_vl53l4cx_web.h,35,2
streamVL53L4CXTofDashboardDef,,ho/i2csensor_vl53l4cx_web.h,112,2
bleIdfInit,,ho/BLE_IDF.cpp,661,3
bleIdfDeinit,,ho/BLE_IDF.cpp,738,3
bleIdfIsRunning,,ho/BLE_IDF.cpp,764,3
bleIdfStartServer,,ho/BLE_IDF.cpp,768,3
bleIdfStartClient,,ho/BLE_IDF.cpp,819,3
bleIdfGetMode,,ho/BLE_IDF.cpp,868,3
bleIdfGetState,,ho/BLE_IDF.cpp,872,3
bleIdfServerBroadcastResponse,,ho/BLE_IDF.cpp,904,3
bleIdfServerSendSensorData,,ho/BLE_IDF.cpp,921,3
bleIdfServerSendEvent,,ho/BLE_IDF.cpp,945,3
bleIdfServerSendSystemStatus,,ho/BLE_IDF.cpp,978,3
bleIdfEnableStream,,ho/BLE_IDF.cpp,1009,3
bleIdfDisableStream,,ho/BLE_IDF.cpp,1013,3
bleIdfSetStreamInterval,,ho/BLE_IDF.cpp,1017,3
bleIdfIsStreamEnabled,,ho/BLE_IDF.cpp,1022,3
bleIdfIsConnected,,ho/BLE_IDF.cpp,1026,3
bleIdfUpdateStreams,,ho/BLE_IDF.cpp,1030,3
bleIdfClientWrite,,ho/BLE_IDF.cpp,1060,3
bleIdfClientScan,,ho/BLE_IDF.cpp,1070,3
bleIdfClientConnect,,ho/BLE_IDF.cpp,1081,3
bleIdfClientDisconnect,,ho/BLE_IDF.cpp,1092,3
bleIdfClientIsConnected,,ho/BLE_IDF.cpp,1101,3
bleIdfGetStatus,,ho/BLE_IDF.cpp,1107,3
bleIdfGetConnectionCount,,ho/BLE_IDF.cpp,1133,3
bleIdfGetConnectionInfo,,ho/BLE_IDF.cpp,1137,3
bleIdfSessionTick,,ho/BLE_IDF.cpp,1150,3
bleRegisterBuiltinPeers,,ho/BLE_Peers.cpp,63,3
bleFindPeerByName,,ho/BLE_Peers.cpp,113,3
blePeersWriteJson,,ho/BLE_Peers.cpp,378,3
blePeersReadJson,,ho/BLE_Peers.cpp,401,3
bleUpdateMACCache,,ho/Bluetooth.cpp,255,3
bleDeviceTypeToString,,ho/Bluetooth.cpp,270,3
bleIdentifyDeviceByMAC,,ho/Bluetooth.cpp,282,3
onConnect,,ho/Bluetooth.cpp,314,3
onDisconnect,,ho/Bluetooth.cpp,370,3
processBleCommandLine,,ho/Bluetooth.cpp,592,3
processIncomingBLECommand,,ho/Bluetooth.cpp,791,3
getBLEConnectionDuration,,ho/Bluetooth.cpp,1125,3
getBLEStatus,,ho/Bluetooth.cpp,1338,3
bleApplySettings,,ho/Bluetooth.cpp,1362,3
cmd_blestatus,,ho/Bluetooth.cpp,1397,3
bleGetRecentMessages,,ho/Bluetooth.cpp,2075,3
isExpectedEchoWindow,,ho/G2_Glasses.cpp,535,3
onConnect,,ho/G2_Glasses.cpp,1185,3
onDisconnect,,ho/G2_Glasses.cpp,1189,3
micRecCloseLocked,,ho/G2_Glasses.cpp,1319,3
micWavCloseLocked,,ho/G2_Glasses.cpp,1419,3
resetMicProbeStats,,ho/G2_Glasses.cpp,1609,3
handleAudioNotify,,ho/G2_Glasses.cpp,1620,3
evenCoreResCode,,ho/G2_Glasses.cpp,2946,3
buildG2StatusSnapshot,,ho/G2_Glasses.cpp,3253,3
renderCircleBar,,ho/G2_Glasses.cpp,3461,3
g2FindPageByName,,ho/G2_Glasses.cpp,3585,3
g2ShowMicDetail,,ho/G2_Glasses.cpp,3935,3
g2MicDetailHandleTap,,ho/G2_Glasses.cpp,3956,3
g2ShowSensorLive,,ho/G2_Glasses.cpp,4086,3
registerG2Pages,,ho/G2_Glasses.cpp,4113,3
shouldDedupHijackTap,,ho/G2_Glasses.cpp,4237,3
handleHijackMenuTap,,ho/G2_Glasses.cpp,4330,3
sendHijackShutdown,,ho/G2_Glasses.cpp,4465,3
onDisplayOffWhileHijacked,,ho/G2_Glasses.cpp,4492,3
handleEnvelope,,ho/G2_Glasses.cpp,4816,3
sendEnvelopeNoMutex,,ho/G2_Glasses.cpp,5266,3
sendToBoth,,ho/G2_Glasses.cpp,5388,3
beatOne,,ho/G2_Glasses.cpp,5578,3
attemptMissingArmRecovery,,ho/G2_Glasses.cpp,5693,3
heartbeatTimerCallback,,ho/G2_Glasses.cpp,5880,3
startHeartbeatTimer,,ho/G2_Glasses.cpp,5886,3
g2ConnectSync,,ho/G2_Glasses.cpp,6410,3
bleConnectInit,,ho/G2_Glasses.cpp,6588,3
bleConnectShutdown,,ho/G2_Glasses.cpp,6621,3
g2ConnectSavedSync,,ho/G2_Glasses.cpp,6687,3
g2BothConnected,,ho/G2_Glasses.cpp,6772,3
g2WaitForBothConnected,,ho/G2_Glasses.cpp,6816,3
fillTempleMac,,ho/G2_Glasses.cpp,6825,3
sendMenuFailedAndSettle,,ho/G2_Glasses.cpp,7713,3
g2ShowMultiLine,,ho/G2_Glasses.cpp,7803,3
dupPageSwapItems,,ho/G2_Glasses.cpp,7925,3
pageSwapInit,,ho/G2_Glasses.cpp,8357,3
tapDispatcherInit,,ho/G2_Glasses.cpp,8546,3
tapDispatcherEnqueue,,ho/G2_Glasses.cpp,8586,3
liveTextIsActive,,ho/G2_Glasses.cpp,9516,3
liveTextKickRefresh,,ho/G2_Glasses.cpp,9520,3
liveTextExitToHijackMenu,,ho/G2_Glasses.cpp,9532,3
renderStatusCompound,,ho/G2_Glasses.cpp,9663,3
g2LensStartOverlay,,ho/G2_Glasses.cpp,10258,3
g2LensSetOverlayExpiredCb,,ho/G2_Glasses.cpp,10273,3
g2SetEventCallback,,ho/G2_Glasses.cpp,10408,3
g2Tick,,ho/G2_Glasses.cpp,10412,3
g2TempleStatus,,ho/G2_Glasses.cpp,10464,3
parseHexNibble,,ho/G2_Glasses.cpp,10980,3
parseHexBytes,,ho/G2_Glasses.cpp,10986,3
pickMicArm,,ho/G2_Glasses.cpp,11251,3
pickImgEnvelopeGapMs,,ho/G2_Glasses.cpp,12355,3
cmd_g2bmp,,ho/G2_Glasses.cpp,13721,3
g2ShowBmpFile,,ho/G2_Glasses.cpp,13875,3
g2ShowBmpFileFullScreen,,ho/G2_Glasses.cpp,14997,3
g2LensInOverlay,,ho/G2_Glasses.h,796,3
copyTag,,ho/G2_HijackFsm.cpp,204,3
applyEvent,,ho/G2_HijackFsm.cpp,212,3
postEvent,,ho/G2_HijackFsm.cpp,281,3
streamPresetIsHeader,,ho/G2_Page_CameraSettings.cpp,164,3
cycleBool,,ho/G2_Page_CameraSettings.cpp,234,3
fmtUnsignedInt,,ho/G2_Page_CameraSettings.cpp,267,3
fmtBool,,ho/G2_Page_CameraSettings.cpp,271,3
buildResolutionPickerRows,,ho/G2_Page_CameraSettings.cpp,421,3
showResolutionPicker,,ho/G2_Page_CameraSettings.cpp,443,3
buildStreamPickerRows,,ho/G2_Page_CameraSettings.cpp,456,3
bailIfNotReady,,ho/G2_Page_ESPNow.cpp,119,3
showStatsMenu,,ho/G2_Page_ESPNow.cpp,486,3
collectBondSensorIdx,,ho/G2_Page_ESPNow.cpp,547,3
showBondDetailMenu,,ho/G2_Page_ESPNow.cpp,598,3
chatBuildPages,,ho/G2_Page_ESPNow.cpp,741,3
clearJsonViewerState,,ho/G2_Page_Files.cpp,440,3
showJsonFileViaTextWidget,,ho/G2_Page_Files.cpp,456,3
showFileInfo,,ho/G2_Page_Files.cpp,526,3
g2ShowFilesPage,,ho/G2_Page_Files.cpp,603,3
filesOverlayExpired,,ho/G2_Page_Files.cpp,812,3
g2FilesTick,,ho/G2_Page_Files.cpp,818,3
g2ShowNetworkPage,,ho/G2_Page_Network.cpp,162,3
showEspNowDevices,,ho/G2_Page_Network.cpp,464,3
netScanMarkFinished,,ho/G2_Page_Network.cpp,774,3
runNetworkScanFlow,,ho/G2_Page_Network.cpp,784,3
wifiPendingWatchdogTask,,ho/G2_Page_Network.cpp,898,3
buildActionRows,,ho/G2_Page_Power.cpp,68,3
g2ShowSensorList,,ho/G2_Page_Sensors.cpp,462,3
sensorFeature,,ho/G2_Page_Sensors.cpp,736,3
rebuildAndShowModuleList,,ho/G2_Page_Settings.cpp,351,3
exitJsonViewBackToModuleList,,ho/G2_Page_Settings.cpp,365,3
g2ShowSettingsPage,,ho/G2_Page_Settings.cpp,579,3
imgProbeWorkerImpl,,ho/G2_Page_TestSuite.cpp,954,3
buildSelectionListsRows,,ho/G2_Page_TestSuite.cpp,1176,3
buildSelectionMixedRows,,ho/G2_Page_TestSuite.cpp,1190,3
buildActionsRows,,ho/G2_Page_TestSuite.cpp,1661,3
buildPayloadTextBlob,,ho/G2_Page_TestSuite.cpp,1861,3
actionHideAICard,,ho/G2_Page_TestSuite.cpp,2886,3
actionToggleMicFeed,,ho/G2_Page_TestSuite.cpp,2895,3
actionHeapSnapshot,,ho/G2_Page_TestSuite.cpp,2911,3
actionLensStateDump,,ho/G2_Page_TestSuite.cpp,2922,3
appendChar,,ho/G2_Page_TextEntry.cpp,109,3
ringPushStatusEvent,,ho/G2_Ring.cpp,150,3
onConnect,,ho/G2_Ring.cpp,565,3
onDisconnect,,ho/G2_Ring.cpp,568,3
ringSpoofSendOnce,,ho/G2_Ring.cpp,1027,3
displayInit,,ho/HAL_Display.cpp,27,3
inputIsButtonPressed,,ho/HAL_Input.cpp,171,3
inputGetX,,ho/HAL_Input.cpp,203,3
inputGetY,,ho/HAL_Input.cpp,208,3
inputGetButtonsRaw,,ho/HAL_Input.cpp,213,3
inputButtonsToLogical,,ho/HAL_Input.cpp,218,3
inputGetButtonsLogical,,ho/HAL_Input.cpp,236,3
sensorStatusBump,,ho/HardwareOne.cpp,358,3
getCurrentCommandOutputMask,,ho/HardwareOne.cpp,690,3
commandExecTask,,ho/HardwareOne.cpp,701,3
ensureFileViewBuffers,,ho/HardwareOne.cpp,897,3
perfPrintLoopHealth,,ho/HardwareOne.cpp,1073,3
hardwareone_setup,,ho/HardwareOne.cpp,1160,3
hardwareone_loop,,ho/HardwareOne.cpp,1999,3
oledEspNowDisplayMainMenu,,ho/OLED_ESPNow.cpp,253,3
oledEspNowDisplayStatus,,ho/OLED_ESPNow.cpp,329,3
oledEspNowDisplayRooms,,ho/OLED_ESPNow.cpp,463,3
oledEspNowDisplayPairing,,ho/OLED_ESPNow.cpp,593,3
oledEspNowMainMenuUp,,ho/OLED_ESPNow.cpp,618,3
oledEspNowMainMenuDown,,ho/OLED_ESPNow.cpp,624,3
oledEspNowMainMenuSelect,,ho/OLED_ESPNow.cpp,630,3
oledEspNowDisplayDeviceList,,ho/OLED_ESPNow.cpp,663,3
oledEspNowDisplayDeviceDetail,,ho/OLED_ESPNow.cpp,703,3
oledEspNowDisplayModeSelect,,ho/OLED_ESPNow.cpp,814,3
oledEspNowHandleInput,,ho/OLED_ESPNow.cpp,856,3
oledEspNowSelectDevice,,ho/OLED_ESPNow.cpp,1191,3
oledEspNowOpenModeSelector,,ho/OLED_ESPNow.cpp,1213,3
oledEspNowSelectMode,,ho/OLED_ESPNow.cpp,1226,3
oledEspNowUnpairDevice,,ho/OLED_ESPNow.cpp,1239,3
oledEspNowDrawStatusIcon,,ho/OLED_ESPNow.cpp,1515,3
oledEspNowValidateMessagePtr,,ho/OLED_ESPNow.cpp,1536,3
oledEspNowDisplayRemoteForm,,ho/OLED_ESPNow.cpp,1581,3
oledEspNowHandleRemoteFormInput,,ho/OLED_ESPNow.cpp,1634,3
oledEspNowSendTextMessage,,ho/OLED_ESPNow.cpp,1718,3
oledEspNowSendRemoteCommand,,ho/OLED_ESPNow.cpp,1756,3
oledEspNowDisplaySettings,,ho/OLED_ESPNow.cpp,1820,3
oledEspNowHandleSettingsInput,,ho/OLED_ESPNow.cpp,1919,3
oledEspNowApplySettingsEdit,,ho/OLED_ESPNow.cpp,2008,3
oledEspNowDisplayDeviceConfig,,ho/OLED_ESPNow.cpp,2069,3
oledEspNowHandleDeviceConfigInput,,ho/OLED_ESPNow.cpp,2104,3
oledEspNowApplyDeviceConfigEdit,,ho/OLED_ESPNow.cpp,2183,3
drawFTSFooter,,ho/OLED_FirstTimeSetup.cpp,39,3
waitForButtonPress,,ho/OLED_FirstTimeSetup.cpp,62,3
drawProgressBar,,ho/OLED_Mode_Animations.cpp,345,3
showFirstTimeSetupPrompt,,ho/OLED_Mode_Animations.cpp,363,3
showFirstTimeSetupProgress,,ho/OLED_Mode_Animations.cpp,372,3
showSetupCompleteMessage,,ho/OLED_Mode_Animations.cpp,384,3
showNormalBootProgress,,ho/OLED_Mode_Animations.cpp,391,3
oledAuthModeInit,,ho/OLED_Mode_Auth.cpp,415,3
bluetoothToggleConfirmedMenu,,ho/OLED_Mode_Bluetooth.cpp,46,3
getCLIViewerSelectedIndex,,ho/OLED_Mode_CLI.cpp,39,3
startInputKeyboard,,ho/OLED_Mode_CLIInput.cpp,33,3
oledFilePickerTitle,,ho/OLED_Mode_FileBrowser.cpp,116,3
firePickerCallback,,ho/OLED_Mode_FileBrowser.cpp,137,3
cycleSourceForward,,ho/OLED_Mode_FileBrowser.cpp,205,3
oledFileBrowserStartEspnowReceive,,ho/OLED_Mode_FileBrowser.cpp,480,3
oledFileBrowserStartEspnowSend,,ho/OLED_Mode_FileBrowser.cpp,490,3
initFileBrowser,,ho/OLED_Mode_FileBrowser.cpp,516,3
prepareFileBrowserData,,ho/OLED_Mode_FileBrowser.cpp,594,3
displayFileBrowserRendered,,ho/OLED_Mode_FileBrowser.cpp,724,3
oledFileBrowserUp,,ho/OLED_Mode_FileBrowser.cpp,968,3
oledFileBrowserDown,,ho/OLED_Mode_FileBrowser.cpp,979,3
oledFileBrowserSelect,,ho/OLED_Mode_FileBrowser.cpp,990,3
oledFileBrowserBack,,ho/OLED_Mode_FileBrowser.cpp,1002,3
displayLLM_chat,,ho/OLED_Mode_LLM.cpp,271,3
oledLoggingModeInit,,ho/OLED_Mode_Logging.cpp,344,3
scanTrackFiles,,ho/OLED_Mode_Map.cpp,588,3
drawMapMenu,,ho/OLED_Mode_Map.cpp,740,3
mapRenderTask,,ho/OLED_Mode_Map.cpp,917,3
menuAvailRank,,ho/OLED_Mode_Menu.cpp,85,3
menuAvailRank,,ho/OLED_Mode_Menu.cpp,116,3
oledMenuExecuteItem,,ho/OLED_Mode_Menu.cpp,134,3
mainMenuPopulate,,ho/OLED_Mode_Menu.cpp,204,3
sensorMenuPopulate,,ho/OLED_Mode_Menu.cpp,301,3
displayLogo,,ho/OLED_Mode_Menu.cpp,353,3
prepareNetworkData,,ho/OLED_Mode_Network.cpp,84,3
initNetworkMainScroll,,ho/OLED_Mode_Network.cpp,128,3
wifiAddReset,,ho/OLED_Mode_Network.cpp,398,3
wifiAddKeyboardTick,,ho/OLED_Mode_Network.cpp,420,3
displaySavedNetworksRendered,,ho/OLED_Mode_Network.cpp,465,3
displayEspNow,,ho/OLED_Mode_Network.cpp,660,3
prepareWebStatsData,,ho/OLED_Mode_Network.cpp,718,3
prepareMeshStatusData,,ho/OLED_Mode_Network.cpp,813,3
collectValidRemoteSensors,,ho/OLED_Mode_Network.cpp,939,3
populateRemoteSensorScroll,,ho/OLED_Mode_Network.cpp,949,3
displayPower,,ho/OLED_Mode_Power.cpp,75,3
displayPowerCPU,,ho/OLED_Mode_Power.cpp,94,3
displayPowerSleep,,ho/OLED_Mode_Power.cpp,108,3
isRemoteSensorEnabled,,ho/OLED_Mode_Remote.cpp,88,3
isRemoteSensorConnected,,ho/OLED_Mode_Remote.cpp,94,3
bondMenuUp,,ho/OLED_Mode_Remote.cpp,406,3
bondMenuDown,,ho/OLED_Mode_Remote.cpp,426,3
prepareConnectedSensorsData,,ho/OLED_Mode_Sensors.cpp,65,3
displayConnectedSensorsRendered,,ho/OLED_Mode_Sensors.cpp,112,3
displaySensorData,,ho/OLED_Mode_Sensors.cpp,190,3
displayConnectedSensors,,ho/OLED_Mode_Sensors.cpp,309,3
startAuthFlow,,ho/OLED_Mode_SetPattern.cpp,60,3
displayMemoryStats,,ho/OLED_Mode_System.cpp,77,3
displayCustomText,,ho/OLED_Mode_System.cpp,184,3
displayUnavailable,,ho/OLED_Mode_System.cpp,202,3
prepareMemoryData,,ho/OLED_Mode_System.cpp,276,3
prepareSystemStatusData,,ho/OLED_Mode_System.cpp,395,3
freeSubmenu,,ho/OLED_Mode_UnifiedMenu.cpp,77,3
buildUnifiedMenu,,ho/OLED_Mode_UnifiedMenu.cpp,330,3
executeMenuItem,,ho/OLED_Mode_UnifiedMenu.cpp,358,3
loadRemoteSettingsModules,,ho/OLED_RemoteSettings.cpp,136,3
applyRemoteSettingChange,,ho/OLED_RemoteSettings.cpp,242,3
getSettingCurrentValue,,ho/OLED_SettingsEditor.cpp,137,3
handleSettingsEditorInput,,ho/OLED_SettingsEditor.cpp,392,3
bluetoothToggleConfirmedQuick,,ho/OLED_SettingsEditor.cpp,807,3
httpToggleConfirmedQuick,,ho/OLED_SettingsEditor.cpp,833,3
initQuickItems,,ho/OLED_SettingsEditor.cpp,860,3
displayQuickSettings,,ho/OLED_SettingsEditor.cpp,876,3
quickSettingsInputHandler,,ho/OLED_SettingsEditor.cpp,923,3
renderWiFiPage,,ho/OLED_SetupWizard.cpp,413,3
handleTogglePageInput,,ho/OLED_SetupWizard.cpp,506,3
handleModePage,,ho/OLED_SetupWizard.cpp,863,3
getOLEDSetupModeSelection,,ho/OLED_SetupWizard.cpp,966,3
getOLEDArchetypeSelection,,ho/OLED_SetupWizard.cpp,1115,3
getOLEDThemeSelection,,ho/OLED_SetupWizard.cpp,1195,3
oledDrawButton,,ho/OLED_UI.cpp,41,3
oledDrawTextCentered,,ho/OLED_UI.cpp,128,3
oledUIButtonLabel,,ho/OLED_UI.cpp,137,3
oledToastActive,,ho/OLED_UI.cpp,172,3
oledToastRender,,ho/OLED_UI.cpp,184,3
oledDialogHandleInput,,ho/OLED_UI.cpp,314,3
oledDialogRender,,ho/OLED_UI.cpp,358,3
oledProgressClose,,ho/OLED_UI.cpp,434,3
oledProgressActive,,ho/OLED_UI.cpp,439,3
oledProgressRender,,ho/OLED_UI.cpp,443,3
oledPairingRibbonActive,,ho/OLED_UI.cpp,544,3
oledPairingRibbonUpdate,,ho/OLED_UI.cpp,548,3
drawPairingIcon,,ho/OLED_UI.cpp,618,3
oledPairingRibbonRender,,ho/OLED_UI.cpp,721,3
oledUIRender,,ho/OLED_UI.cpp,819,3
oledRenderFooter,,ho/OLED_Utils.cpp,112,3
oledNotificationAdd,,ho/OLED_Utils.cpp,200,3
oledNotificationUnreadCount,,ho/OLED_Utils.cpp,234,3
oledNotificationMarkAllRead,,ho/OLED_Utils.cpp,243,3
oledNotificationClear,,ho/OLED_Utils.cpp,249,3
oledRenderHeader,,ho/OLED_Utils.cpp,269,3
displayNotifications,,ho/OLED_Utils.cpp,451,3
oledContentInit,,ho/OLED_Utils.cpp,706,3
oledContentBegin,,ho/OLED_Utils.cpp,718,3
oledContentScrollUp,,ho/OLED_Utils.cpp,819,3
oledContentScrollDown,,ho/OLED_Utils.cpp,830,3
getCharAt,,ho/OLED_Utils.cpp,1295,3
oledKeyboardMoveUp,,ho/OLED_Utils.cpp,1791,3
oledKeyboardMoveDown,,ho/OLED_Utils.cpp,1799,3
oledKeyboardMoveLeft,,ho/OLED_Utils.cpp,1807,3
oledKeyboardMoveRight,,ho/OLED_Utils.cpp,1815,3
oledKeyboardAdvance,,ho/OLED_Utils.cpp,1836,3
oledKeyboardSelectChar,,ho/OLED_Utils.cpp,1860,3
oledKeyboardSetAutocomplete,,ho/OLED_Utils.cpp,1932,3
oledKeyboardTriggerAutocomplete,,ho/OLED_Utils.cpp,1938,3
oledKeyboardSelectSuggestion,,ho/OLED_Utils.cpp,1961,3
drawOLEDFooter,,ho/OLED_Utils.cpp,2306,3
buildOLEDCommand,,ho/OLED_Utils.cpp,2612,3
oledIsDirty,,ho/OLED_Utils.cpp,2689,3
oledClearDirty,,ho/OLED_Utils.cpp,2701,3
printRegisteredOLEDModes,,ho/OLED_Utils.cpp,2957,3
stopOLEDDisplay,,ho/OLED_Utils.cpp,3102,3
cmd_oled_enabled,,ho/OLED_Utils.cpp,3427,3
cmd_oled_bootmode,,ho/OLED_Utils.cpp,3484,3
cmd_oled_defaultmode,,ho/OLED_Utils.cpp,3512,3
cmd_oled_bootduration,,ho/OLED_Utils.cpp,3540,3
cmd_oled_updateinterval,,ho/OLED_Utils.cpp,3553,3
cmd_oled_brightness,,ho/OLED_Utils.cpp,3566,3
cmd_oled_thermalscale,,ho/OLED_Utils.cpp,3600,3
cmd_oled_thermalcolormode,,ho/OLED_Utils.cpp,3613,3
cmd_oledstart,,ho/OLED_Utils.cpp,3634,3
cmd_oledstop,,ho/OLED_Utils.cpp,3650,3
cmd_oledstatus,,ho/OLED_Utils.cpp,3778,3
loadCachedManifest,,ho/OLED_Utils.cpp,4578,3
isInRemoteSubmenu,,ho/OLED_Utils.cpp,4717,3
getRemoteSubmenuItems,,ho/OLED_Utils.cpp,4722,3
getRemoteSubmenuItemCount,,ho/OLED_Utils.cpp,4727,3
getRemoteSubmenuSelection,,ho/OLED_Utils.cpp,4732,3
getRemoteSubmenuId,,ho/OLED_Utils.cpp,4743,3
oledCycleDataSource,,ho/OLED_Utils.cpp,5294,3
oledEarlyInit,,ho/OLED_Utils.cpp,6201,3
oledApplySettings,,ho/OLED_Utils.cpp,6236,3
localDisplaySessionTick,,ho/OLED_Utils.cpp,6253,3
oledDisplayOff,,ho/OLED_Utils.cpp,6318,3
oledDisplayOn,,ho/OLED_Utils.cpp,6472,3
oledShowSleepScreen,,ho/OLED_Utils.cpp,6482,3
setCaptureBuffer,,ho/System_AuthIdentity.cpp,200,3
clearCaptureBuffer,,ho/System_AuthIdentity.cpp,208,3
extractJsonBool,,ho/System_Automation.cpp,218,3
suspendAutomationSystem,,ho/System_Automation.cpp,799,3
resumeAutomationSystem,,ho/System_Automation.cpp,805,3
cmd_automation_delete,,ho/System_Automation.cpp,1367,3
cmd_automation,,ho/System_Automation.cpp,1779,3
triggersFromJson,,ho/System_Automation.cpp,2244,3
nextFire,,ho/System_Automation.cpp,2265,3
validateConditionSyntax,,ho/System_Automation.cpp,2457,3
validateConditionalChain,,ho/System_Automation.cpp,2824,3
evaluateConditionalChain,,ho/System_Automation.cpp,2915,3
cmd_validate_conditions,,ho/System_Automation.cpp,3332,3
classifyAndNotify,,ho/System_Battery.cpp,307,3
initBattery,,ho/System_Battery.cpp,355,3
batteryLogAppend,,ho/System_Battery.cpp,597,3
batteryLogTick,,ho/System_Battery.cpp,659,3
scSodiumReady,,ho/System_BleSecureChannel.cpp,82,3
scDerivePsk,,ho/System_BleSecureChannel.cpp,141,3
requireMasterOnlinePeer,,ho/System_BondedPeer.cpp,56,3
cachedSettingsHash,,ho/System_BondedPeer.cpp,101,3
readCachedSettingsJson,,ho/System_BondedPeer.cpp,112,3
readCachedSchemaJson,,ho/System_BondedPeer.cpp,122,3
requestSettingsSync,,ho/System_BondedPeer.cpp,146,3
requestSchemaSync,,ho/System_BondedPeer.cpp,171,3
cliModeTick,,ho/System_CLIMode.cpp,69,3
cliModeDispatchInput,,ho/System_CLIMode.cpp,77,3
getCameraMutex,,ho/System_Camera_DVP.cpp,33,3
cameraDimsForFramesize,,ho/System_Camera_DVP.cpp,127,3
setCameraQuality,,ho/System_Camera_DVP.cpp,785,3
captureFrameAtResolution,,ho/System_Camera_DVP.cpp,803,3
captureTinyFrame,,ho/System_Camera_DVP.cpp,861,3
cameraPowerRequestStartAsync,,ho/System_Camera_DVP.cpp,992,3
cameraPowerRequestStopAsync,,ho/System_Camera_DVP.cpp,997,3
cameraPowerRequestStartSync,,ho/System_Camera_DVP.cpp,1006,3
cameraPowerRequestStopSync,,ho/System_Camera_DVP.cpp,1021,3
cmd_camera,,ho/System_Camera_DVP.cpp,1065,3
cmd_camerastart,,ho/System_Camera_DVP.cpp,1070,3
cmd_camerastop,,ho/System_Camera_DVP.cpp,1078,3
cmd_cameracapture,,ho/System_Camera_DVP.cpp,1084,3
cmd_camerares,,ho/System_Camera_DVP.cpp,1101,3
cmd_cameraframesize,,ho/System_Camera_DVP.cpp,1162,3
cmd_cameraquality,,ho/System_Camera_DVP.cpp,1193,3
cmd_cameratiny,,ho/System_Camera_DVP.cpp,1227,3
cmd_camerabrightness,,ho/System_Camera_DVP.cpp,1264,3
cmd_cameracontrast,,ho/System_Camera_DVP.cpp,1288,3
cmd_camerasaturation,,ho/System_Camera_DVP.cpp,1312,3
cmd_camerawb,,ho/System_Camera_DVP.cpp,1336,3
cmd_camerasharpness,,ho/System_Camera_DVP.cpp,1362,3
cmd_cameradenoise,,ho/System_Camera_DVP.cpp,1388,3
cmd_cameraeffect,,ho/System_Camera_DVP.cpp,1414,3
cmd_cameraexposure,,ho/System_Camera_DVP.cpp,1440,3
cmd_camerahmirror,,ho/System_Camera_DVP.cpp,1852,3
cmd_cameravflip,,ho/System_Camera_DVP.cpp,1874,3
sdCardIsMountedForStatus,,ho/System_Camera_Video.cpp,14,3
sdCardIsWritableForStatus,,ho/System_Camera_Video.cpp,18,3
startVideoRecording,,ho/System_Camera_Video.cpp,337,3
stopVideoRecording,,ho/System_Camera_Video.cpp,428,3
deleteVideoRecording,,ho/System_Camera_Video.cpp,492,3
handleVideoRecordingsList,,ho/System_Camera_Video.cpp,504,3
handleVideoRecordingFile,,ho/System_Camera_Video.cpp,544,3
tzOffsetQuarterHours,,ho/System_Clock.cpp,35,3
ageSeconds,,ho/System_Clock.h,65,3
registerCommand,,ho/System_Command.cpp,52,3
registerCommands,,ho/System_Command.cpp,70,3
initializeCommandSystem,,ho/System_Command.cpp,270,3
argMac,CommandArgs,ho/System_Command.cpp,418,3
pushHelpSuppressed,,ho/System_Debug.cpp,107,3
debugQueueBackpressure,,ho/System_Debug.cpp,351,3
debugQueuePrintf,,ho/System_Debug.cpp,615,3
cmd_outdisplay,,ho/System_Debug.cpp,867,3
cmd_debughttp,,ho/System_Debug.cpp,966,3
cmd_debugsse,,ho/System_Debug.cpp,992,3
cmd_debugcli,,ho/System_Debug.cpp,996,3
cmd_debugcamera,,ho/System_Debug.cpp,1028,3
cmd_debugcameralifecycle,,ho/System_Debug.cpp,1032,3
cmd_debugcameracapture,,ho/System_Debug.cpp,1035,3
cmd_debugcamerasettings,,ho/System_Debug.cpp,1038,3
cmd_debugcameravideo,,ho/System_Debug.cpp,1041,3
cmd_debugdisplay,,ho/System_Debug.cpp,1061,3
cmd_debugmicrophone,,ho/System_Debug.cpp,1065,3
cmd_debugwifi,,ho/System_Debug.cpp,1083,3
cmd_debugstorage,,ho/System_Debug.cpp,1087,3
cmd_debuglogger,,ho/System_Debug.cpp,1091,3
cmd_debugautomations,,ho/System_Debug.cpp,1095,3
cmd_debugperformance,,ho/System_Debug.cpp,1099,3
cmd_debugauth,,ho/System_Debug.cpp,1103,3
cmd_debugespnow,,ho/System_Debug.cpp,1107,3
cmd_debugdatetime,,ho/System_Debug.cpp,1182,3
cmd_debugverbose,,ho/System_Debug.cpp,1198,3
cmd_debuggps,,ho/System_Debug.cpp,1239,3
cmd_debugrtc,,ho/System_Debug.cpp,1243,3
cmd_debugimu,,ho/System_Debug.cpp,1247,3
cmd_debugthermal,,ho/System_Debug.cpp,1251,3
cmd_debugtof,,ho/System_Debug.cpp,1255,3
cmd_debuginput,,ho/System_Debug.cpp,1259,3
cmd_debugapds,,ho/System_Debug.cpp,1267,3
cmd_debugpresence,,ho/System_Debug.cpp,1271,3
cmd_debugmaps,,ho/System_Debug.cpp,1311,3
cmd_debugmapsloading,,ho/System_Debug.cpp,1327,3
cmd_debugmapsrendering,,ho/System_Debug.cpp,1343,3
cmd_debugmapsperf,,ho/System_Debug.cpp,1359,3
cmd_debugllm,,ho/System_Debug.cpp,1407,3
cmd_debugllmload,,ho/System_Debug.cpp,1410,3
cmd_debugllmtokenizer,,ho/System_Debug.cpp,1413,3
cmd_debugllmforward,,ho/System_Debug.cpp,1416,3
cmd_debugllmgenerate,,ho/System_Debug.cpp,1419,3
cmd_debugllmmemory,,ho/System_Debug.cpp,1422,3
cmd_debugsr,,ho/System_Debug.cpp,1460,3
cmd_debugsrwake,,ho/System_Debug.cpp,1519,3
cmd_debugsrcommand,,ho/System_Debug.cpp,1522,3
cmd_debugsrafe,,ho/System_Debug.cpp,1525,3
cmd_debugsrlifecycle,,ho/System_Debug.cpp,1528,3
cmd_debugsrtuning,,ho/System_Debug.cpp,1531,3
cmd_debugbuffer,,ho/System_Debug.cpp,1551,3
cmd_debugcommandflow,,ho/System_Debug.cpp,1586,3
cmd_debugusers,,ho/System_Debug.cpp,1602,3
cmd_debugsystem,,ho/System_Debug.cpp,1618,3
cmd_debugespnowstream,,ho/System_Debug.cpp,1634,3
cmd_debugespnowcore,,ho/System_Debug.cpp,1650,3
cmd_debugespnowrouter,,ho/System_Debug.cpp,1666,3
cmd_debugmemory,,ho/System_Debug.cpp,1682,3
cmd_debugmemoryheap,,ho/System_Debug.cpp,1719,3
cmd_debugmemorystack,,ho/System_Debug.cpp,1722,3
cmd_debugmemorybuffers,,ho/System_Debug.cpp,1725,3
cmd_debugespnowmesh,,ho/System_Debug.cpp,1729,3
cmd_debugespnowtopo,,ho/System_Debug.cpp,1745,3
cmd_debugespnowencryption,,ho/System_Debug.cpp,1761,3
cmd_debugespnowmetadata,,ho/System_Debug.cpp,1777,3
cmd_debugautoscheduler,,ho/System_Debug.cpp,1793,3
cmd_debugautoexec,,ho/System_Debug.cpp,1809,3
cmd_debugautocondition,,ho/System_Debug.cpp,1825,3
cmd_debugautotiming,,ho/System_Debug.cpp,1841,3
cmd_debugdatetimesync,,ho/System_Debug.cpp,1872,3
cmd_debugdatetimesetup,,ho/System_Debug.cpp,1885,3
cmd_debugdatetimeanchor,,ho/System_Debug.cpp,1898,3
cmd_debugdatetimeresolve,,ho/System_Debug.cpp,1911,3
cmd_debugauthsessions,,ho/System_Debug.cpp,1924,3
cmd_debugauthlogin,,ho/System_Debug.cpp,1950,3
cmd_debugauthbootid,,ho/System_Debug.cpp,1963,3
cmd_commandmodulesummary,,ho/System_Debug.cpp,1976,3
cmd_settingsmodulesummary,,ho/System_Debug.cpp,1986,3
getDebugCategoryName,,ho/System_Debug.cpp,2004,3
generateSystemLogFilename,,ho/System_Debug.cpp,2131,3
cmd_log,,ho/System_Debug.cpp,2153,3
cmd_debughttphandlers,,ho/System_Debug.cpp,2371,3
cmd_debughttprequests,,ho/System_Debug.cpp,2384,3
cmd_debughttpresponses,,ho/System_Debug.cpp,2397,3
cmd_debughttpstreaming,,ho/System_Debug.cpp,2410,3
cmd_debugwificonnection,,ho/System_Debug.cpp,2424,3
cmd_debugwificonfig,,ho/System_Debug.cpp,2437,3
cmd_debugwifiscanning,,ho/System_Debug.cpp,2450,3
cmd_debugwifidriver,,ho/System_Debug.cpp,2463,3
cmd_debugstoragefiles,,ho/System_Debug.cpp,2477,3
cmd_debugstoragejson,,ho/System_Debug.cpp,2490,3
cmd_debugstoragesettings,,ho/System_Debug.cpp,2503,3
cmd_debugstoragemigration,,ho/System_Debug.cpp,2516,3
cmd_debugstoragepermissions,,ho/System_Debug.cpp,2534,3
cmd_debugsystemboot,,ho/System_Debug.cpp,2567,3
cmd_debugsystemconfig,,ho/System_Debug.cpp,2580,3
cmd_debugsystemtasks,,ho/System_Debug.cpp,2593,3
cmd_debugsystemhardware,,ho/System_Debug.cpp,2606,3
cmd_debugusersmgmt,,ho/System_Debug.cpp,2620,3
cmd_debugusersregister,,ho/System_Debug.cpp,2633,3
cmd_debugusersquery,,ho/System_Debug.cpp,2646,3
cmd_debugcliexecution,,ho/System_Debug.cpp,2660,3
cmd_debugcliqueue,,ho/System_Debug.cpp,2673,3
cmd_debugclivalidation,,ho/System_Debug.cpp,2686,3
cmd_debugperfstack,,ho/System_Debug.cpp,2700,3
cmd_debugperfheap,,ho/System_Debug.cpp,2713,3
cmd_debugperftiming,,ho/System_Debug.cpp,2726,3
cmd_debugsseconnection,,ho/System_Debug.cpp,2740,3
cmd_debugsseevents,,ho/System_Debug.cpp,2753,3
cmd_debugssebroadcast,,ho/System_Debug.cpp,2766,3
cmd_debugcmdflowrouting,,ho/System_Debug.cpp,2780,3
cmd_debugcmdflowqueue,,ho/System_Debug.cpp,2793,3
cmd_debugcmdflowcontext,,ho/System_Debug.cpp,2806,3
logI2CRecovery,,ho/System_Debug.cpp,3156,3
buildBondedCommandPayload,,ho/System_ESPNow.cpp,821,3
onEspNowDataReceived,,ho/System_ESPNow.cpp,969,3
findStreamSession,,ho/System_ESPNow.cpp,1021,3
sendSessionStreamFrame,,ho/System_ESPNow.cpp,1047,3
trySendToStreamSession,,ho/System_ESPNow.cpp,1060,3
broadcast_tracker_alloc,,ho/System_ESPNow.cpp,1102,3
recomputeAllMeshFingerprints,,ho/System_ESPNow.cpp,1162,3
espnowMeshesWriteJson,,ho/System_ESPNow.cpp,1249,3
espnowMeshesReadJson,,ho/System_ESPNow.cpp,1296,3
v4_send_frag_ack,,ho/System_ESPNow.cpp,2180,3
bondSessionActiveWith,,ho/System_ESPNow.cpp,2381,3
v4_send_text,,ho/System_ESPNow.cpp,2539,3
v4_broadcast_text,,ho/System_ESPNow.cpp,2603,3
peerIsInRequesterMesh,,ho/System_ESPNow.cpp,3103,3
peerIsInRequesterMesh,,ho/System_ESPNow.cpp,3114,3
logBondAuthFailure,,ho/System_ESPNow.cpp,3279,3
v4h_metadata_resp_push,,ho/System_ESPNow.cpp,3709,3
v4_handle_cmd,,ho/System_ESPNow.cpp,4757,3
onEspNowRawRecv,,ho/System_ESPNow.cpp,5088,3
onEspNowDataSent,,ho/System_ESPNow.cpp,5123,3
generateDeviceManifest,,ho/System_ESPNow.cpp,5414,3
cacheManifestToLittleFS,,ho/System_ESPNow.cpp,5543,3
requestBondSchema,,ho/System_ESPNow.cpp,6109,3
processBondSchema,,ho/System_ESPNow.cpp,6129,3
processBondSettings,,ho/System_ESPNow.cpp,6224,3
buildMetadataPayload,,ho/System_ESPNow.cpp,6340,3
requestMetadata,,ho/System_ESPNow.cpp,6357,3
getTopoDeviceName,,ho/System_ESPNow.cpp,6803,3
addEspNowDevice,,ho/System_ESPNow.cpp,7009,3
removeFromUnpairedList,,ho/System_ESPNow.cpp,7044,3
countMeshPeerMetaByRoom,,ho/System_ESPNow.cpp,7323,3
buildMeshStatusPeersJson,,ho/System_ESPNow.cpp,7443,3
removeEspNowDevice,,ho/System_ESPNow.cpp,7485,3
requestTopologyDiscovery,,ho/System_ESPNow.cpp,7542,3
checkTopologyCollectionWindow,,ho/System_ESPNow.cpp,7562,3
processMeshHeartbeats,,ho/System_ESPNow.cpp,7650,3
bondSessionActiveWith,,ho/System_ESPNow.cpp,8014,3
bondSessionActiveWith,,ho/System_ESPNow.cpp,8109,3
startEspNowTask,,ho/System_ESPNow.cpp,8404,3
stopEspNowTask,,ho/System_ESPNow.cpp,8418,3
espnowAppPingNoteAck,,ho/System_ESPNow.cpp,8486,3
initEspNow,,ho/System_ESPNow.cpp,8525,3
cmd_espnow_stats,,ho/System_ESPNow.cpp,9162,3
cmd_espnow_routerstats,,ho/System_ESPNow.cpp,9294,3
cmd_espnow_resetstats,,ho/System_ESPNow.cpp,9351,3
parseMeshArgOrDefault,,ho/System_ESPNow.cpp,9915,3
cmd_espnow_pair,,ho/System_ESPNow.cpp,9936,3
cmd_espnow_mode,,ho/System_ESPNow.cpp,10121,3
cmd_espnow_setname,,ho/System_ESPNow.cpp,10159,3
cmd_espnow_room,,ho/System_ESPNow.cpp,10244,3
cmd_espnow_zone,,ho/System_ESPNow.cpp,10249,3
cmd_espnow_tags,,ho/System_ESPNow.cpp,10254,3
cmd_espnow_friendlyname,,ho/System_ESPNow.cpp,10259,3
cmd_espnow_stationary,,ho/System_ESPNow.cpp,10264,3
cmd_espnow_deviceinfo,,ho/System_ESPNow.cpp,10277,3
cmd_espnow_devices,,ho/System_ESPNow.cpp,10353,3
cmd_espnow_rooms,,ho/System_ESPNow.cpp,10423,3
cmd_espnow_find,,ho/System_ESPNow.cpp,10505,3
cmd_espnow_hbmode,,ho/System_ESPNow.cpp,10659,3
cmd_espnow_meshrole,,ho/System_ESPNow.cpp,10686,3
cmd_espnow_meshmaster,,ho/System_ESPNow.cpp,10833,3
cmd_espnow_meshbackup,,ho/System_ESPNow.cpp,10865,3
cmd_espnow_backupenable,,ho/System_ESPNow.cpp,10897,3
cmd_espnow_meshtopo,,ho/System_ESPNow.cpp,10920,3
cmd_espnow_timesync,,ho/System_ESPNow.cpp,10957,3
cmd_espnow_timestatus,,ho/System_ESPNow.cpp,10984,3
cmd_espnow_toporesults,,ho/System_ESPNow.cpp,11015,3
cmd_test_streams,,ho/System_ESPNow.cpp,11072,3
cmd_test_concurrent,,ho/System_ESPNow.cpp,11118,3
cmd_test_cleanup,,ho/System_ESPNow.cpp,11170,3
cmd_test_filelock,,ho/System_ESPNow.cpp,11208,3
cmd_espnow_list,,ho/System_ESPNow.cpp,11245,3
cmd_espnow_meshstatus,,ho/System_ESPNow.cpp,11289,3
cmd_espnow_broadcast,,ho/System_ESPNow.cpp,11432,3
cmd_espnow_sendfile,,ho/System_ESPNow.cpp,11759,3
cmd_espnow_setpassphrase,,ho/System_ESPNow.cpp,11848,3
cmd_espnow_encstatus,,ho/System_ESPNow.cpp,11911,3
cmd_espnow_pairsecure,,ho/System_ESPNow.cpp,12020,3
cmd_espnow_startstream,,ho/System_ESPNow.cpp,12448,3
cmd_espnow_stopstream,,ho/System_ESPNow.cpp,12491,3
cmd_bond_requestcap,,ho/System_ESPNow.cpp,12755,3
cmd_bond_requestmanifest,,ho/System_ESPNow.cpp,12838,3
cmd_bond_requestsettings,,ho/System_ESPNow.cpp,12865,3
cmd_bond_requestschema,,ho/System_ESPNow.cpp,12891,3
cmd_espnow_usersync,,ho/System_ESPNow.cpp,14078,3
storeSentMessageInPeerHistory,,ho/System_ESPNow.cpp,14298,3
espnowCollapsedAllMessages,,ho/System_ESPNow.cpp,14561,3
espnowCryptoInit,,ho/System_ESPNow_Crypto.cpp,23,3
espnowCryptoEd25519Keygen,,ho/System_ESPNow_Crypto.cpp,43,3
impl,,ho/System_ESPNow_Files.cpp,54,3
fileSlotsInit,,ho/System_ESPNow_Files.cpp,76,3
fileSlotsBootCleanup,,ho/System_ESPNow_Files.cpp,99,3
fileSlotsIsComplete,,ho/System_ESPNow_Files.cpp,292,3
fileSlotsGetBuffer,,ho/System_ESPNow_Files.cpp,299,3
fileSlotsGetFilename,,ho/System_ESPNow_Files.cpp,305,3
fileSlotsGetSenderMac,,ho/System_ESPNow_Files.cpp,308,3
fileSlotsTimeoutSweep,,ho/System_ESPNow_Files.cpp,331,3
processDeferredLocked,,ho/System_ESPNow_FsList.cpp,561,3
processListDeferred,,ho/System_ESPNow_FsList.cpp,593,3
processStatDeferred,,ho/System_ESPNow_FsList.cpp,770,3
processGetDeferred,,ho/System_ESPNow_FsList.cpp,828,3
logMac,,ho/System_ESPNow_Handlers_Crypto.cpp,121,3
v4hKeyExHello,,ho/System_ESPNow_Handlers_Crypto.cpp,209,3
v4hKeyExReply,,ho/System_ESPNow_Handlers_Crypto.cpp,297,3
v4hKeyExConfirm,,ho/System_ESPNow_Handlers_Crypto.cpp,372,3
keyExSendHello,,ho/System_ESPNow_Handlers_Crypto.cpp,438,3
keyExRetrySweep,,ho/System_ESPNow_Handlers_Crypto.cpp,533,3
v4hSessionOpen,,ho/System_ESPNow_Handlers_Crypto.cpp,907,3
v4hSessionConfirm,,ho/System_ESPNow_Handlers_Crypto.cpp,926,3
sendRekey,,ho/System_ESPNow_Handlers_Crypto.cpp,1069,3
v4hSessionRekey,,ho/System_ESPNow_Handlers_Crypto.cpp,1232,3
writeIdentityFile,,ho/System_ESPNow_Identity.cpp,69,3
generateFreshIdentity,,ho/System_ESPNow_Identity.cpp,210,3
espnowIdentityLoadOrGenerate,,ho/System_ESPNow_Identity.cpp,228,3
espnowIdentityRegenerate,,ho/System_ESPNow_Identity.cpp,257,3
parseMacNoSep,,ho/System_ESPNow_Identity.cpp,309,3
writePeerIdentityFile,,ho/System_ESPNow_Identity.cpp,364,3
peerIdentitySetSubscriptions,,ho/System_ESPNow_Identity.cpp,503,3
peerIdentityWantsEvent,,ho/System_ESPNow_Identity.cpp,532,3
peerIdentityLoadAll,,ho/System_ESPNow_Identity.cpp,559,3
meshKeysDerive,,ho/System_ESPNow_MeshKeys.cpp,83,3
meshKeysInitAll,,ho/System_ESPNow_MeshKeys.cpp,111,3
meshKeysGet,,ho/System_ESPNow_MeshKeys.cpp,132,3
computeStreamQDepth,,ho/System_ESPNow_Saturation.cpp,41,3
initRemoteSensorSystem,,ho/System_ESPNow_Sensors.cpp,163,3
findCacheEntry,,ho/System_ESPNow_Sensors.cpp,217,3
updateRemoteSensorStatus,,ho/System_ESPNow_Sensors.cpp,251,3
startSensorBroadcaster,,ho/System_ESPNow_Sensors.cpp,566,3
stopSensorBroadcaster,,ho/System_ESPNow_Sensors.cpp,605,3
getRemoteSensorDataJSON,,ho/System_ESPNow_Sensors.cpp,613,3
cmd_espnow_sensorstream,,ho/System_ESPNow_Sensors.cpp,822,3
cmd_espnow_sensorstatus,,ho/System_ESPNow_Sensors.cpp,881,3
cmd_espnow_sensorbroadcast,,ho/System_ESPNow_Sensors.cpp,938,3
getRemoteGPSData,,ho/System_ESPNow_Sensors.cpp,984,3
pendingFrameTimeoutSweep,,ho/System_ESPNow_Sessions.cpp,511,3
sessionEstablishingTimeoutSweep,,ho/System_ESPNow_Sessions.cpp,548,3
pendingFrameHasForPeer,,ho/System_ESPNow_Sessions.cpp,574,3
sendStatusRegister,,ho/System_ESPNow_Sessions.cpp,638,3
sendStatusSweep,,ho/System_ESPNow_Sessions.cpp,684,3
sendStatusAt,,ho/System_ESPNow_Sessions.cpp,716,3
sessionRekeyPrevKeysSweep,,ho/System_ESPNow_Sessions.cpp,798,3
statsObserveDepth,,ho/System_ESPNow_Tx.cpp,64,3
submitSync,,ho/System_ESPNow_Tx.cpp,184,3
getTaskHandle,,ho/System_ESPNow_Tx.cpp,237,3
onVoiceCommandDetected,,ho/System_ESPSR.cpp,818,3
srSnipGetFolder,,ho/System_ESPSR.cpp,1116,3
srSnipWriterTask,,ho/System_ESPSR.cpp,1123,3
srSnipInitRingBuffer,,ho/System_ESPSR.cpp,1159,3
srSnipFreeRingBuffer,,ho/System_ESPSR.cpp,1179,3
srSnipRingPush,,ho/System_ESPSR.cpp,1188,3
srSnipFeedSession,,ho/System_ESPSR.cpp,1232,3
srSnipInit,,ho/System_ESPSR.cpp,1292,3
srDebugPrintTelemetry,,ho/System_ESPSR.cpp,1389,3
isAllDigits,,ho/System_ESPSR.cpp,1491,3
loadCommandsFileLocked,,ho/System_ESPSR.cpp,1511,3
initI2SMicrophone,,ho/System_ESPSR.cpp,1583,3
initAFE,,ho/System_ESPSR.cpp,1605,3
initMultiNet,,ho/System_ESPSR.cpp,1765,3
srTask,,ho/System_ESPSR.cpp,1860,3
initESPSR,,ho/System_ESPSR.cpp,2497,3
buildESPSRStatusJson,,ho/System_ESPSR.cpp,2672,3
cmd_sr,,ho/System_ESPSR.cpp,2730,3
cmd_sr_enable,,ho/System_ESPSR.cpp,2736,3
cmd_sr_status,,ho/System_ESPSR.cpp,2851,3
cmd_voice_cancel,,ho/System_ESPSR.cpp,2883,3
getESPSRCurrentCategory,,ho/System_ESPSR.cpp,3896,3
getESPSRCurrentSubCategory,,ho/System_ESPSR.cpp,3902,3
getESPSRLastCommand,,ho/System_ESPSR.cpp,3908,3
getESPSRLastConfidence,,ho/System_ESPSR.cpp,3914,3
getESPSRWakeCount,,ho/System_ESPSR.cpp,3918,3
getESPSRCommandCount,,ho/System_ESPSR.cpp,3922,3
freeLabels,,ho/System_EdgeImpulse.cpp,74,3
setStateTrackingEnabled,,ho/System_EdgeImpulse.cpp,304,3
unloadModel,,ho/System_EdgeImpulse.cpp,695,3
listModelsRecursive,,ho/System_EdgeImpulse.cpp,719,3
listAvailableModels,,ho/System_EdgeImpulse.cpp,756,3
startContinuousInference,,ho/System_EdgeImpulse.cpp,1824,3
isContinuousInferenceRunning,,ho/System_EdgeImpulse.cpp,1877,3
cmd_ei,,ho/System_EdgeImpulse.cpp,2079,3
cmd_ei_enable,,ho/System_EdgeImpulse.cpp,2096,3
cmd_ei_detect,,ho/System_EdgeImpulse.cpp,2122,3
cmd_ei_continuous,,ho/System_EdgeImpulse.cpp,2180,3
cmd_ei_confidence,,ho/System_EdgeImpulse.cpp,2202,3
cmd_ei_status,,ho/System_EdgeImpulse.cpp,2223,3
getTotalPossibleHeapCost,,ho/System_FeatureRegistry.cpp,426,3
cmd_features,,ho/System_FeatureRegistry.cpp,461,3
refresh,FileManager,ho/System_FileManager.cpp,67,3
getPageEnd,FileManager,ho/System_FileManager.cpp,239,3
initFilesystem,,ho/System_Filesystem.cpp,49,3
appendJsonStringBytes,,ho/System_Filesystem.cpp,427,3
doFiledelete,,ho/System_Filesystem.cpp,930,3
normalizeFsPath,,ho/System_Filesystem.cpp,1280,3
canEdit,,ho/System_Filesystem.cpp,1414,3
canRename,,ho/System_Filesystem.cpp,1420,3
canImport,,ho/System_Filesystem.cpp,1426,3
getDirPerms,,ho/System_Filesystem.cpp,1500,3
readTextLimited,,ho/System_Filesystem.cpp,1520,3
detectFirstTimeSetupState,,ho/System_FirstTimeSetup.cpp,80,3
isFirstTimeSetup,,ho/System_FirstTimeSetup.cpp,101,3
getSetupProgressMessage,,ho/System_FirstTimeSetup.cpp,115,3
firstTimeSetupIfNeeded,,ho/System_FirstTimeSetup.cpp,226,3
g2ParseEnvelope,,ho/System_G2_Protocol.cpp,51,3
sidStatFind,,ho/System_G2_Protocol.cpp,1264,3
g2statsRecordTx,,ho/System_G2_Protocol.cpp,1275,3
g2statsRecordRx,,ho/System_G2_Protocol.cpp,1283,3
g2statsAt,,ho/System_G2_Protocol.cpp,1297,3
g2BuildAppLaunch,,ho/System_G2_Protocol.cpp,1345,3
cmd_hardwareled_brightness,,ho/System_Hardware.cpp,10,3
cmd_hardwareled_startupenabled,,ho/System_Hardware.cpp,26,3
cmd_hardwareled_startupeffect,,ho/System_Hardware.cpp,37,3
cmd_hardwareled_startupcolor,,ho/System_Hardware.cpp,52,3
cmd_hardwareled_startupcolor2,,ho/System_Hardware.cpp,62,3
cmd_hardwareled_startupduration,,ho/System_Hardware.cpp,72,3
isSensorCompiled,,ho/System_I2C.cpp,75,3
initI2CManager,,ho/System_I2C.cpp,137,3
initSensorQueue,,ho/System_I2C.cpp,280,3
initI2CBuses,,ho/System_I2C.cpp,385,3
cmd_i2chealth,,ho/System_I2C.cpp,443,3
cmd_i2cmetrics,,ho/System_I2C.cpp,512,3
cmd_i2cscan,,ho/System_I2C.cpp,765,3
cmd_i2cstats,,ho/System_I2C.cpp,837,3
addDiscoveredDevice,,ho/System_I2C.cpp,957,3
detectHardware,,ho/System_I2C.cpp,995,3
applyDetectedHardware,,ho/System_I2C.cpp,1105,3
cmd_detect,,ho/System_I2C.cpp,1121,3
streamDeviceRegistryOutput,,ho/System_I2C.cpp,1401,3
i2cCompiledSensorCount,,ho/System_I2C.cpp,1449,3
i2cConnectedDeviceCount,,ho/System_I2C.cpp,1457,3
cmd_devices,,ho/System_I2C.cpp,1509,3
cmd_devicefile,,ho/System_I2C.cpp,1572,3
cmd_sensors,,ho/System_I2C.cpp,1702,3
cmd_sensorinfo,,ho/System_I2C.cpp,1790,3
deviceTypeDisplayName,,ho/System_I2C.cpp,2197,3
processAutoStartSensors,,ho/System_I2C.cpp,2885,3
i2cTransactionNACKTolerant,,ho/System_I2C.h,171,3
beginBusOnCpu1,,ho/System_I2C_Manager.cpp,218,3
initBuses,I2CDeviceManager,ho/System_I2C_Manager.cpp,283,3
clockStackPush,I2CDeviceManager,ho/System_I2C_Manager.cpp,426,3
updateHistogram,I2CDeviceManager,ho/System_I2C_Manager.cpp,494,3
resetGracePeriod,I2CDevice,ho/System_I2C_Manager.cpp,794,3
initSD,ImageManager,ho/System_ImageManager.cpp,55,3
getMountPrefix,ImageManager,ho/System_ImageManager.cpp,77,3
generateFilename,ImageManager,ho/System_ImageManager.cpp,132,3
saveImage,ImageManager,ho/System_ImageManager.cpp,178,3
deleteOldestImages,ImageManager,ho/System_ImageManager.cpp,440,3
enforceMaxImages,ImageManager,ho/System_ImageManager.cpp,464,3
cmd_capture,,ho/System_ImageManager.cpp,506,3
cmd_images,,ho/System_ImageManager.cpp,530,3
cmd_imagedelete,,ho/System_ImageManager.cpp,595,3
cmd_imagesend,,ho/System_ImageManager.cpp,610,3
llmInit,,ho/System_LLM.cpp,740,3
ensureTurnCapacity,,ho/System_LLMChat.cpp,95,3
chatStop,,ho/System_LLMChat.cpp,402,3
chatGetStreamLen,,ho/System_LLMChat.cpp,470,3
chatReadStream,,ho/System_LLMChat.cpp,478,3
chatGetSessionId,,ho/System_LLMChat.cpp,501,3
f32_to_f16,,ho/System_LLM_Kernels.h,21,3
f16_to_f32,,ho/System_LLM_Kernels.h,40,3
loadWeights,,ho/System_LLM_Model.cpp,869,3
sample_mirostat2,,ho/System_LLM_Sampler.cpp,206,3
loadTokenizerFromFile,,ho/System_LLM_Tokenizer.cpp,56,3
freeTokenizer,,ho/System_LLM_Tokenizer.cpp,249,3
encode,,ho/System_LLM_Tokenizer.cpp,261,3
getDeviceId,,ho/System_MQTT.cpp,237,3
publishMeshPeerDiscovery,,ho/System_MQTT.cpp,640,3
cmd_openmqtt,,ho/System_MQTT.cpp,1128,3
cmd_closemqtt,,ho/System_MQTT.cpp,1144,3
cmd_mqttstatus,,ho/System_MQTT.cpp,1155,3
mapHighlightClear,,ho/System_Maps.cpp,70,3
mapHighlightByNameAndType,,ho/System_Maps.cpp,94,3
mapHighlightMatches,,ho/System_Maps.cpp,105,3
mapHighlightIsVisible,,ho/System_Maps.cpp,135,3
mapSubtypeToggle,,ho/System_Maps.cpp,181,3
mapSubtypeGetMask,,ho/System_Maps.cpp,186,3
mapRenderParamsFromGlobals,,ho/System_Maps.cpp,216,3
slotDataPtr,,ho/System_Maps.cpp,796,3
searchNamesByPrefix,MapCore,ho/System_Maps.cpp,937,3
isPositionInMap,MapCore,ho/System_Maps.cpp,965,3
clipToContent,OLEDMapRenderer,ho/System_Maps.cpp,1621,3
cmd_map,,ho/System_Maps.cpp,1872,3
cmd_mapload,,ho/System_Maps.cpp,1921,3
cmd_mapunload,,ho/System_Maps.cpp,1941,3
cmd_whereami,,ho/System_Maps.cpp,1951,3
cmd_search,,ho/System_Maps.cpp,2000,3
cmd_maplist,,ho/System_Maps.cpp,2046,3
loadWaypoints,WaypointManager,ho/System_Maps.cpp,2105,3
setNotes,WaypointManager,ho/System_Maps.cpp,2293,3
setName,WaypointManager,ho/System_Maps.cpp,2301,3
removeFile,WaypointManager,ho/System_Maps.cpp,2334,3
getFile,WaypointManager,ho/System_Maps.cpp,2356,3
clearAll,WaypointManager,ho/System_Maps.cpp,2373,3
parseGPSLine,GPSTrackManager,ho/System_Maps.cpp,2550,3
deleteTrackFile,GPSTrackManager,ho/System_Maps.cpp,2697,3
appendPoint,GPSTrackManager,ho/System_Maps.cpp,2777,3
cmd_waypoint,,ho/System_Maps.cpp,3012,3
cmd_maporganize,,ho/System_Maps.cpp,3323,3
shouldUpdate,LocationContextManager,ho/System_Maps.cpp,3385,3
updateContext,LocationContextManager,ho/System_Maps.cpp,3404,3
mapsApplyPersistedSettings,,ho/System_Maps.cpp,3669,3
getMemoryRequirement,,ho/System_MemoryMonitor.cpp,84,3
cmd_memsample,,ho/System_MemoryMonitor.cpp,358,3
periodicMemorySample,,ho/System_MemoryMonitor.cpp,410,3
countActive,,ho/System_MeshPeers.cpp,47,3
captureAudioSamples,,ho/System_Microphone.cpp,570,3
cmd_mic,,ho/System_Microphone.cpp,741,3
cmd_micstart,,ho/System_Microphone.cpp,769,3
cmd_micstop,,ho/System_Microphone.cpp,777,3
cmd_miclevel,,ho/System_Microphone.cpp,783,3
cmd_micrecord,,ho/System_Microphone.cpp,798,3
cmd_miclist,,ho/System_Microphone.cpp,841,3
cmd_micdelete,,ho/System_Microphone.cpp,878,3
cmd_micsamplerate,,ho/System_Microphone.cpp,926,3
cmd_micgain,,ho/System_Microphone.cpp,968,3
cmd_micbitdepth,,ho/System_Microphone.cpp,991,3
microphoneToggleConfirmed,,ho/System_Microphone_OLED.h,77,3
initMutexes,,ho/System_Mutex.cpp,27,3
isFsLockedByCurrentTask,,ho/System_Mutex.cpp,68,3
initNeoPixelLED,,ho/System_NeoPixel.cpp,135,3
rainbowColor,,ho/System_NeoPixel.cpp,210,3
setNotificationContext,,ho/System_Notifications.cpp,102,3
notifyRemoteCommandReceived,,ho/System_Notifications.cpp,250,3
notifyWiFiConnected,,ho/System_Notifications.cpp,281,3
notifyVolumeChanged,,ho/System_Notifications.cpp,303,3
notifyPowerUSBConnected,,ho/System_Notifications.cpp,348,3
notifyPowerUSBDisconnected,,ho/System_Notifications.cpp,356,3
notifyBatteryLow,,ho/System_Notifications.cpp,364,3
notifyBatteryCritical,,ho/System_Notifications.cpp,374,3
notifyEspNowStarted,,ho/System_Notifications.cpp,456,3
notifyEspNowStopped,,ho/System_Notifications.cpp,466,3
notifyWiFiNetworkAdded,,ho/System_Notifications.cpp,497,3
notifyWiFiNetworkRemoved,,ho/System_Notifications.cpp,506,3
notifyVoiceListening,,ho/System_Notifications.cpp,519,3
refreshMirror,,ho/System_PollPause.cpp,24,3
r1Crc16,,ho/System_R1_Protocol.cpp,24,3
nextSerial,R1Encoder,ho/System_R1_Protocol.cpp,109,3
buildWearStatusQuery,R1Encoder,ho/System_R1_Protocol.cpp,227,3
buildHealthReportEnable,R1Encoder,ho/System_R1_Protocol.cpp,239,3
buildGenericQuery,R1Encoder,ho/System_R1_Protocol.cpp,256,3
r1Decode,,ho/System_R1_Protocol.cpp,266,3
r1ModuleName,,ho/System_R1_Protocol.cpp,314,3
r1CmdName,,ho/System_R1_Protocol.cpp,324,3
r1SubCmdName,,ho/System_R1_Protocol.cpp,341,3
readU16LE,,ho/System_R1_Protocol.cpp,417,3
r1ProtocolSelfTest,,ho/System_R1_Protocol.cpp,927,3
minFreeHeapBytes,,ho/System_SelfDevice.cpp,40,3
macBytes,,ho/System_SelfDevice.cpp,44,3
sensorLogTick,,ho/System_SensorLogging.cpp,73,3
jsonPathCreate,,ho/System_Settings.cpp,52,3
cmd_webclihistorysize,,ho/System_Settings.cpp,116,3
cmd_oledclihistorysize,,ho/System_Settings.cpp,131,3
settingsDefaults,,ho/System_Settings.cpp,556,3
readSettingsJson,,ho/System_Settings.cpp,1118,3
cmd_tzoffsetminutes,,ho/System_Settings.cpp,1244,3
cmd_httpAutoStart,,ho/System_Settings.cpp,1333,3
cmd_httpsEnabled,,ho/System_Settings.cpp,1348,3
findOutputEntry,,ho/System_Settings.cpp,1628,3
cmd_displayrequireauth,,ho/System_Settings.cpp,1640,3
applyRegisteredDefaults,,ho/System_Settings.cpp,1885,3
readRegisteredSettings,,ho/System_Settings.cpp,1962,3
writeRegisteredSettings,,ho/System_Settings.cpp,2056,3
cmd_controls,,ho/System_Settings.cpp,2305,3
cmd_beginwrite,,ho/System_Settings.cpp,2430,3
cmd_savesettings,,ho/System_Settings.cpp,2436,3
mergeAndSaveUserSettings,,ho/System_Settings.cpp,2517,3
applyArchetypeSeed,,ho/System_SetupWizard.cpp,75,3
calibrateWizardBaseline,,ho/System_SetupWizard.cpp,322,3
hasNetworkSettings,,ho/System_SetupWizard.cpp,532,3
wizardShouldShowESPNow,,ho/System_SetupWizard.cpp,541,3
wizardShouldShowMQTT,,ho/System_SetupWizard.cpp,550,3
wizardEnabledModeExtraHeapKB,,ho/System_SetupWizard.cpp,618,3
wizardAdvanceFrom,,ho/System_SetupWizard.cpp,669,3
wizardRetreatFrom,,ho/System_SetupWizard.cpp,678,3
wizardShouldShowWiFi,,ho/System_SetupWizard.cpp,794,3
runAndApplyFeatureWizard,,ho/System_SetupWizard.cpp,1657,3
paintCurrentPage,,ho/System_SetupWizardMode.cpp,131,3
setupWizardMode_start,,ho/System_SetupWizardMode.cpp,935,3
setupWizardMode_isActive,,ho/System_SetupWizardMode.cpp,944,3
createThermalTask,,ho/System_TaskUtils.cpp,195,3
createAPDSTask,,ho/System_TaskUtils.cpp,267,3
createPresenceTask,,ho/System_TaskUtils.cpp,285,3
createGPSTask,,ho/System_TaskUtils.cpp,303,3
reportAllTaskStacks,,ho/System_TaskUtils.cpp,415,3
g2PairedUserMatches,,ho/System_User.cpp,49,3
sessionIdleWindowMs,,ho/System_User.cpp,83,3
setUserGamepadPassword,,ho/System_User.cpp,792,3
hasUserGamepadPassword,,ho/System_User.cpp,814,3
isUserBanned,,ho/System_User.cpp,835,3
setUserBanInternal,,ho/System_User.cpp,855,3
getUserRole,,ho/System_User.cpp,1034,3
cmd_user_approve,,ho/System_User.cpp,1692,3
cmd_user_deny,,ho/System_User.cpp,1709,3
cmd_user_promote,,ho/System_User.cpp,1726,3
cmd_user_demote,,ho/System_User.cpp,1744,3
cmd_user_delete,,ho/System_User.cpp,1791,3
cmd_user_changepassword,,ho/System_User.cpp,1890,3
cmd_user_resetpassword,,ho/System_User.cpp,1900,3
cmd_user_add,,ho/System_User.cpp,1938,3
cmd_user_list,,ho/System_User.cpp,1973,3
cmd_ban,,ho/System_User.cpp,2282,3
cmd_unban,,ho/System_User.cpp,2303,3
cmd_banlist,,ho/System_User.cpp,2317,3
cmd_banuser,,ho/System_User.cpp,2324,3
cmd_unbanuser,,ho/System_User.cpp,2341,3
cmd_ban,,ho/System_User.cpp,2367,3
cmd_unban,,ho/System_User.cpp,2371,3
cmd_banlist,,ho/System_User.cpp,2375,3
cmd_banuser,,ho/System_User.cpp,2380,3
cmd_unbanuser,,ho/System_User.cpp,2384,3
cmd_user_request,,ho/System_User.cpp,2390,3
buildOrdinal,,ho/System_User.cpp,2564,3
formatEpochAsISO8601,,ho/System_User.cpp,2583,3
parseBootAnchors,,ho/System_User.cpp,2603,3
findMatchingAnchor,,ho/System_User.cpp,2662,3
base64Decode,,ho/System_Utils.cpp,359,3
indexOfNthSpace,,ho/System_Utils.cpp,1056,3
settingBoolToggle,,ho/System_Utils.cpp,1103,3
cmd_wait,,ho/System_Utils.cpp,2114,3
isCompiledModuleName,,ho/System_Utils.cpp,2542,3
printConnectedDevicesLibraries,,ho/System_Utils.cpp,2599,3
cmd_memreport,,ho/System_Utils.cpp,3228,3
cmd_taskstats,,ho/System_Utils.cpp,3266,3
cmd_perftop,,ho/System_Utils.cpp,3330,3
cmd_login,,ho/System_Utils.cpp,4214,3
cmd_logout,,ho/System_Utils.cpp,4255,3
peerCacheDir,,ho/System_Utils.h,426,3
isLittleFSReady,,ho/System_VFS.cpp,198,3
noteSDWriteFailure,,ho/System_VFS.cpp,292,3
refreshLittleFsFreeCached,,ho/System_VFS.cpp,529,3
noteLittleFsBytesWritten,,ho/System_VFS.cpp,548,3
unmountSD,,ho/System_VFS.cpp,614,3
remountSD,,ho/System_VFS.cpp,626,3
formatSD,,ho/System_VFS.cpp,640,3
cmd_wifilist,,ho/System_WiFi.cpp,125,3
cmd_wifiadd,,ho/System_WiFi.cpp,176,3
cmd_wifipromote,,ho/System_WiFi.cpp,220,3
cmd_wificonnect,,ho/System_WiFi.cpp,285,3
cmd_wifidisconnect,,ho/System_WiFi.cpp,345,3
cmd_wifidrop,,ho/System_WiFi.cpp,378,3
cmd_wifiscan,,ho/System_WiFi.cpp,389,3
wifiEnsureIdle,,ho/System_WiFi.cpp,502,3
removeWiFiNetwork,,ho/System_WiFi.cpp,575,3
connectWiFiSSID,,ho/System_WiFi.cpp,889,3
cmd_certinfo,,ho/System_WiFi.cpp,1016,3
streamAviPlayerModal,,ho/WebPage_AviPlayer.h,17,3
streamAviPlayerJs,,ho/WebPage_AviPlayer.h,40,3
handleBatteryStatus,,ho/WebPage_Battery.cpp,23,3
handleBatteryPage,,ho/WebPage_Battery.cpp,144,3
registerBatteryHandlers,,ho/WebPage_Battery.cpp,150,3
handleBluetoothPage,,ho/WebPage_Bluetooth.cpp,20,3
streamBondInner,,ho/WebPage_Bond.cpp,63,3
registerDarkRoomHandlers,,ho/WebPage_DarkRoom.cpp,46,3
registerEspNowHandlers,,ho/WebPage_ESPNow.cpp,522,3
streamGamesInner,,ho/WebPage_Games.h,19,3
streamMqttInner,,ho/WebPage_MQTT.cpp,23,3
streamMapsPageLodZoomConstants,,ho/WebPage_Maps.cpp,22,3
handleMapFeaturesAPI,,ho/WebPage_Maps.cpp,58,3
handleGPSTracksAPI,,ho/WebPage_Maps.cpp,108,3
handleSensorsPage,,ho/WebPage_Sensors.cpp,70,3
handleSensorData,,ho/WebPage_Sensors.cpp,79,3
handleSensorsStatus,,ho/WebPage_Sensors.cpp,547,3
handleRemoteSensors,,ho/WebPage_Sensors.cpp,577,3
handleCameraStatus,,ho/WebPage_Sensors.cpp,644,3
handleCameraFrame,,ho/WebPage_Sensors.cpp,658,3
handleCameraStream,,ho/WebPage_Sensors.cpp,704,3
handleMicRecordingsList,,ho/WebPage_Sensors.cpp,850,3
handleMicRecordingFile,,ho/WebPage_Sensors.cpp,904,3
streamSensorsContent,,ho/WebPage_Sensors.h,84,3
streamSensorsInner,,ho/WebPage_Sensors.h,89,3
sseBindSession,,ho/WebServer_Events.cpp,36,3
sseSendNotice,,ho/WebServer_Events.cpp,66,3
sseDequeueEvent,,ho/WebServer_Events.cpp,115,3
handleEvents,,ho/WebServer_Events.cpp,144,3
handleRestore,,ho/WebServer_MigrationTool.cpp,339,3
registerMigrationBackupHandler,,ho/WebServer_MigrationTool.cpp,548,3
registerPingOptionsHandler,,ho/WebServer_MigrationTool.cpp,565,3
startRestoreOnlyHttpServer,,ho/WebServer_MigrationTool.cpp,644,3
stopRestoreOnlyHttpServer,,ho/WebServer_MigrationTool.cpp,746,3
findFreeSessionIndex,,ho/WebServer_Server.cpp,193,3
clearSession,,ho/WebServer_Server.cpp,459,3
getTotalFailedLoginCount,,ho/WebServer_Server.cpp,850,3
saveIpBans,,ho/WebServer_Server.cpp,909,3
banIp,,ho/WebServer_Server.cpp,945,3
unbanIp,,ho/WebServer_Server.cpp,982,3
broadcastBanList,,ho/WebServer_Server.cpp,997,3
banListJson,,ho/WebServer_Server.cpp,1023,3
decodeBasicAuth,,ho/WebServer_Server.cpp,1282,3
getLogoutReasonForAuthPage,,ho/WebServer_Server.cpp,1390,3
streamDashboardContent,,ho/WebServer_Server.cpp,1504,3
streamSettingsContent,,ho/WebServer_Server.cpp,1515,3
streamFilesContent,,ho/WebServer_Server.cpp,1523,3
streamLoggingContent,,ho/WebServer_Server.cpp,1531,3
streamAutomationsContent,,ho/WebServer_Server.cpp,1539,3
streamCLIContent,,ho/WebServer_Server.cpp,1547,3
handleFileRead,,ho/WebServer_Server.cpp,1584,3
handleFileWrite,,ho/WebServer_Server.cpp,1683,3
handleFileUpload,,ho/WebServer_Server.cpp,1836,3
handleDashboard,,ho/WebServer_Server.cpp,2337,3
handleSettingsPage,,ho/WebServer_Server.cpp,2344,3
handleSettingsGet,,ho/WebServer_Server.cpp,2444,3
handleUserSettingsGet,,ho/WebServer_Server.cpp,2546,3
handleUserSettingsSet,,ho/WebServer_Server.cpp,2604,3
handleDeviceRegistryGet,,ho/WebServer_Server.cpp,2683,3
handleSessionsList,,ho/WebServer_Server.cpp,2742,3
handleAdminSessionsList,,ho/WebServer_Server.cpp,2766,3
handleOutputGet,,ho/WebServer_Server.cpp,2788,3
handleOutputTemp,,ho/WebServer_Server.cpp,2813,3
handleNotice,,ho/WebServer_Server.cpp,2871,3
handleLogs,,ho/WebServer_Server.cpp,2909,3
handleSensorsStatusWithUpdates,,ho/WebServer_Server.cpp,2943,3
handleSystemStatus,,ho/WebServer_Server.cpp,2984,3
handleCLICommand,,ho/WebServer_Server.cpp,3004,3
handleCLIPage,,ho/WebServer_Server.cpp,3132,3
handleAutomationsPage,,ho/WebServer_Server.cpp,3142,3
handleAutomationsGet,,ho/WebServer_Server.cpp,3150,3
handleFilesPage,,ho/WebServer_Server.cpp,3168,3
handleLoggingPage,,ho/WebServer_Server.cpp,3174,3
handleRoot,,ho/WebServer_Server.cpp,3185,3
handlePing,,ho/WebServer_Server.cpp,3193,3
handleLogout,,ho/WebServer_Server.cpp,3226,3
handleLoginSetSession,,ho/WebServer_Server.cpp,3425,3
handleRegisterPage,,ho/WebServer_Server.cpp,3471,3
handleRegisterSubmit,,ho/WebServer_Server.cpp,3508,3
handleFilesList,,ho/WebServer_Server.cpp,3639,3
handleFilesStats,,ho/WebServer_Server.cpp,3678,3
handleFilesCreate,,ho/WebServer_Server.cpp,3705,3
handleFileView,,ho/WebServer_Server.cpp,3795,3
handleAdminPending,,ho/WebServer_Server.cpp,4360,3
handleAdminApproveUser,,ho/WebServer_Server.cpp,4407,3
handleAdminDenyUser,,ho/WebServer_Server.cpp,4449,3
handleAutomationsExport,,ho/WebServer_Server.cpp,4507,3
handleCliBatch,,ho/WebServer_Server.cpp,4678,3
assignFrom,WebMirrorBuf,ho/WebServer_Utils.cpp,145,3
snapshot,WebMirrorBuf,ho/WebServer_Utils.cpp,164,3
getHeaderValue,,ho/WebServer_Utils.cpp,232,3
getCookieValue,,ho/WebServer_Utils.cpp,246,3
generatePublicNavigation,,ho/WebServer_Utils.cpp,345,3
streamChunkBuf,,ho/WebServer_Utils.cpp,439,3
streamNav,,ho/WebServer_Utils.cpp,614,3
streamContentGeneric,,ho/WebServer_Utils.cpp,622,3
streamCommonDialogs,,ho/WebServer_Utils.h,1476,3
anoBtnNames,,ho/i2csensor_ano_encoder.cpp,89,3
anoEncoderInitConnection,,ho/i2csensor_ano_encoder.cpp,198,3
anoEncoderResetAxisForMode,,ho/i2csensor_ano_encoder.cpp,270,3
anoEncoderConsumeOneDetent,,ho/i2csensor_ano_encoder.cpp,279,3
cmd_anoencoder,,ho/i2csensor_ano_encoder.cpp,302,3
cmd_anoencoderi2caddr,,ho/i2csensor_ano_encoder.cpp,323,3
cmd_anoencoderinvert,,ho/i2csensor_ano_encoder.cpp,337,3
cmd_apdsstart,,ho/i2csensor_apds9960.cpp,147,3
cmd_apdsstop,,ho/i2csensor_apds9960.cpp,178,3
cmd_apdsmode,,ho/i2csensor_apds9960.cpp,192,3
apdsInit,,ho/i2csensor_apds9960.cpp,303,3
apdsColorPoll,,ho/i2csensor_apds9960.cpp,325,3
apdsProximityPoll,,ho/i2csensor_apds9960.cpp,355,3
apdsGesturePoll,,ho/i2csensor_apds9960.cpp,370,3
apdsGetProximity,,ho/i2csensor_apds9960.cpp,565,3
apdsGetColorR,,ho/i2csensor_apds9960.cpp,570,3
apdsGetColorG,,ho/i2csensor_apds9960.cpp,575,3
apdsGetColorB,,ho/i2csensor_apds9960.cpp,580,3
apdsGetColorC,,ho/i2csensor_apds9960.cpp,585,3
displayAPDSData,,ho/i2csensor_apds9960_oled.h,11,3
apdsToggleConfirmed,,ho/i2csensor_apds9960_oled.h,52,3
imuApplyOrientationCorrection,,ho/i2csensor_bno055.cpp,431,3
cmd_imupollingms,,ho/i2csensor_bno055.cpp,838,3
cmd_imuewmafactor,,ho/i2csensor_bno055.cpp,849,3
cmd_imutransitionms,,ho/i2csensor_bno055.cpp,860,3
cmd_imuwebmaxfps,,ho/i2csensor_bno055.cpp,871,3
cmd_imudevicepollms,,ho/i2csensor_bno055.cpp,886,3
cmd_imuorientationmode,,ho/i2csensor_bno055.cpp,899,3
cmd_imuorientationcorrection,,ho/i2csensor_bno055.cpp,914,3
cmd_imupitchoffset,,ho/i2csensor_bno055.cpp,926,3
cmd_imurolloffset,,ho/i2csensor_bno055.cpp,940,3
cmd_imuyawoffset,,ho/i2csensor_bno055.cpp,954,3
imuToggleConfirmed,,ho/i2csensor_bno055_oled.h,70,3
rtcToUnixTime,,ho/i2csensor_ds3231.cpp,278,3
unixTimeToRTC,,ho/i2csensor_ds3231.cpp,303,3
rtcDaysInMonth,,ho/i2csensor_ds3231.cpp,326,3
rtcReadAndCacheOnce,,ho/i2csensor_ds3231.cpp,412,3
rtcTask,,ho/i2csensor_ds3231.cpp,435,3
rtcStop,,ho/i2csensor_ds3231.cpp,550,3
cmd_rtc,,ho/i2csensor_ds3231.cpp,616,3
cmd_rtcset,,ho/i2csensor_ds3231.cpp,681,3
cmd_rtcsync,,ho/i2csensor_ds3231.cpp,751,3
cmd_rtcstart,,ho/i2csensor_ds3231.cpp,784,3
cmd_rtcstop,,ho/i2csensor_ds3231.cpp,803,3
rtcGetYear,,ho/i2csensor_ds3231.cpp,820,3
rtcGetMonth,,ho/i2csensor_ds3231.cpp,825,3
rtcGetDay,,ho/i2csensor_ds3231.cpp,830,3
rtcGetHour,,ho/i2csensor_ds3231.cpp,835,3
rtcGetMinute,,ho/i2csensor_ds3231.cpp,840,3
rtcGetSecond,,ho/i2csensor_ds3231.cpp,845,3
rtcGetTemperature,,ho/i2csensor_ds3231.cpp,850,3
rtcToggleConfirmed,,ho/i2csensor_ds3231_oled.h,111,3
fuelGaugeRead,,ho/i2csensor_max17048.cpp,100,3
resetThermalFrameBuffers,,ho/i2csensor_mlx90640.cpp,977,3
thermalInterpolateFrame,,ho/i2csensor_mlx90640.cpp,1088,3
cmd_thermalpollingms,,ho/i2csensor_mlx90640.cpp,1128,3
cmd_thermalinterpolationenabled,,ho/i2csensor_mlx90640.cpp,1139,3
cmd_thermalinterpolationsteps,,ho/i2csensor_mlx90640.cpp,1151,3
cmd_thermalinterpolationbuffersize,,ho/i2csensor_mlx90640.cpp,1162,3
cmd_thermaltargetfps,,ho/i2csensor_mlx90640.cpp,1448,3
cmd_thermaldevicepollms,,ho/i2csensor_mlx90640.cpp,1461,3
thermalToggleConfirmed,,ho/i2csensor_mlx90640_oled.h,107,3
cmd_gpsautostart,,ho/i2csensor_pa1010d.cpp,543,3
gpsToggleConfirmed,,ho/i2csensor_pa1010d_oled.h,107,3
fmRadioTask,,ho/i2csensor_rda5807.cpp,224,3
fmRadioStopInternal,,ho/i2csensor_rda5807.cpp,375,3
updateFMRadio,,ho/i2csensor_rda5807.cpp,397,3
i2cTransactionNACKTolerant,,ho/i2csensor_rda5807.cpp,416,3
fmRadioToggleConfirmed,,ho/i2csensor_rda5807_oled.h,75,3
gamepadResolveBus,,ho/i2csensor_seesaw.cpp,36,3
gamepadInitConnection,,ho/i2csensor_seesaw.cpp,266,3
gamepadToggleConfirmed,,ho/i2csensor_seesaw_oled.h,144,3
writeRegister,,ho/i2csensor_sths34pf80.cpp,120,3
cmd_presencestart,,ho/i2csensor_sths34pf80.cpp,171,3
cmd_presencestop,,ho/i2csensor_sths34pf80.cpp,200,3
cmd_presenceread,,ho/i2csensor_sths34pf80.cpp,212,3
cmd_presencestatus,,ho/i2csensor_sths34pf80.cpp,246,3
presenceTask,,ho/i2csensor_sths34pf80.cpp,510,3
presenceToggleConfirmed,,ho/i2csensor_sths34pf80_oled.h,73,3
cmd_toftransitionms,,ho/i2csensor_vl53l4cx.cpp,283,3
cmd_tofmaxdistancemm,,ho/i2csensor_vl53l4cx.cpp,294,3
cmd_tofpollingms,,ho/i2csensor_vl53l4cx.cpp,576,3
cmd_tofstabilitythreshold,,ho/i2csensor_vl53l4cx.cpp,587,3
cmd_tofdevicepollms,,ho/i2csensor_vl53l4cx.cpp,602,3
tofToggleConfirmed,,ho/i2csensor_vl53l4cx_oled.h,60,3
bleFindConnection,,ho/BLE_IDF.cpp,89,4
bleIdfStopServer,,ho/BLE_IDF.cpp,795,4
bleIdfStopClient,,ho/BLE_IDF.cpp,845,4
bleIdfServerSendResponse,,ho/BLE_IDF.cpp,876,4
bleIdfGetStateString,,ho/BLE_IDF.cpp,1121,4
bleFindPeer,,ho/BLE_Peers.cpp,108,4
bleAnyPeerWantsAutoConnect,,ho/BLE_Peers.cpp,235,4
bleBootReconnect,,ho/BLE_Peers.cpp,254,4
cmd_blepeers,,ho/BLE_Peers.cpp,415,4
bleClearConnectionByConnId,,ho/Bluetooth.cpp,125,4
bleIsAuthed,,ho/Bluetooth.cpp,142,4
bleRevokeAllSessions,,ho/Bluetooth.cpp,202,4
bleSessionTick,,ho/Bluetooth.cpp,1242,4
bleSecurityBootNotice,,ho/Bluetooth.cpp,1550,4
bleAddMessageToHistory,,ho/Bluetooth.cpp,2063,4
blePushSensorData,,ho/Bluetooth.cpp,2155,4
blePushSystemStatus,,ho/Bluetooth.cpp,2173,4
bleSetStreamInterval,,ho/Bluetooth.cpp,2232,4
bleUpdateStreams,,ho/Bluetooth.cpp,2311,4
g2ScanStopIfActive,,ho/G2_Glasses.cpp,422,4
firmwareOverlayActive,,ho/G2_Glasses.cpp,744,4
handleNotify,,ho/G2_Glasses.cpp,1812,4
evenCoreCmdName,,ho/G2_Glasses.cpp,2998,4
handleMenuStartUp,,ho/G2_Glasses.cpp,4401,4
templeInit,,ho/G2_Glasses.cpp,6024,4
g2SetAllTemplesConnPriority,,ho/G2_Glasses.cpp,6794,4
g2NoteContainerCleared,,ho/G2_Glasses.cpp,6908,4
g2TextViewArm,,ho/G2_Glasses.cpp,6931,4
g2ProbeRebuildTextChild,,ho/G2_Glasses.cpp,9041,4
livePageKickRefresh,,ho/G2_Glasses.cpp,9464,4
livePageIsActive,,ho/G2_Glasses.cpp,9475,4
g2ShowNotification,,ho/G2_Glasses.cpp,10370,4
g2ProbeImageQ4Lifecycle,,ho/G2_Glasses.cpp,12593,4
g2ProbeImageDocSummary,,ho/G2_Glasses.cpp,12650,4
g2ProbeImageQ6BmpMultiFragment,,ho/G2_Glasses.cpp,12955,4
g2ProbeImageQ6bBmpTapDismiss,,ho/G2_Glasses.cpp,13027,4
g2ProbeImageQ9FrameBuilder,,ho/G2_Glasses.cpp,13131,4
g2ProbeImageQ11SimpleSwap,,ho/G2_Glasses.cpp,13332,4
g2ProbeImageQ10ClearThenPush,,ho/G2_Glasses.cpp,13413,4
g2ShowCameraViewer,,ho/G2_Glasses.cpp,14250,4
g2ShowCameraViewer,,ho/G2_Glasses.cpp,14717,4
g2ShowJpgFile,,ho/G2_Glasses.cpp,15290,4
g2ShowJpgFileFullScreen,,ho/G2_Glasses.cpp,15413,4
g2ShowJpgFile,,ho/G2_Glasses.cpp,15439,4
g2ShowJpgFileFullScreen,,ho/G2_Glasses.cpp,15443,4
g2ProbeImageQGlizzy,,ho/G2_Glasses.cpp,15457,4
g2ProbeImageQ12FullScreen,,ho/G2_Glasses.cpp,15525,4
g2ProbeImageQ13LiveTile,,ho/G2_Glasses.cpp,15663,4
g2ProbeImageQ14LiveText,,ho/G2_Glasses.cpp,15829,4
g2ProbeImageQ15LeftArm,,ho/G2_Glasses.cpp,15977,4
g2ProbeImageQ19SmallSolo,,ho/G2_Glasses.cpp,16259,4
g2ProbeImageQ29Bmp2bppSolo,,ho/G2_Glasses.cpp,16330,4
g2ProbeImageQ20LiveTile96,,ho/G2_Glasses.cpp,16547,4
g2ProbeImageQ22LiveTile32,,ho/G2_Glasses.cpp,16562,4
g2ProbeImageQ23LiveTile64,,ho/G2_Glasses.cpp,16577,4
g2ProbeImageQ26LiveTile124,,ho/G2_Glasses.cpp,16592,4
g2ProbeImageQ27LiveTile144,,ho/G2_Glasses.cpp,16607,4
g2ProbeImageQ25SdFrameAnimation,,ho/G2_Glasses.cpp,16633,4
g2ProbeImageQ28MixedImageTextLive,,ho/G2_Glasses.cpp,16878,4
g2ProbeImageQ28LMixedListImageLive,,ho/G2_Glasses.cpp,17083,4
g2ProbeImageQ21LiveFullScreenBurst,,ho/G2_Glasses.cpp,17258,4
hijackFsmInit,,ho/G2_HijackFsm.cpp,300,4
readSetting,,ho/G2_Page_CameraSettings.cpp,189,4
buildTopRows,,ho/G2_Page_CameraSettings.cpp,358,4
buildSubRows,,ho/G2_Page_CameraSettings.cpp,391,4
showStreamPicker,,ho/G2_Page_CameraSettings.cpp,487,4
showTopMenu,,ho/G2_Page_CameraSettings.cpp,513,4
g2BuildCameraSettingsInfo,,ho/G2_Page_CameraSettings.cpp,523,4
handleSubTap,,ho/G2_Page_CameraSettings.cpp,618,4
g2CameraSettingsHandleTap,,ho/G2_Page_CameraSettings.cpp,732,4
g2BuildCameraSettingsInfo,,ho/G2_Page_CameraSettings.h,43,4
phaseLabel,,ho/G2_Page_ESPNow.cpp,108,4
g2BuildESPNowAppInfo,,ho/G2_Page_ESPNow.cpp,256,4
g2ShowESPNowAppMenu,,ho/G2_Page_ESPNow.cpp,328,4
chatRenderPage,,ho/G2_Page_ESPNow.cpp,764,4
chatNavPage,,ho/G2_Page_ESPNow.cpp,790,4
showInboxMenu,,ho/G2_Page_ESPNow.cpp,803,4
showPeerInboxMenu,,ho/G2_Page_ESPNow.cpp,817,4
submitSendToSelectedPeer,,ho/G2_Page_ESPNow.cpp,886,4
handleMainTap,,ho/G2_Page_ESPNow.cpp,991,4
g2ESPNowAppHandleTap,,ho/G2_Page_ESPNow.cpp,1212,4
g2ESPNowAppOnRxText,,ho/G2_Page_ESPNow.cpp,1241,4
g2BuildESPNowAppInfo,,ho/G2_Page_ESPNow.h,63,4
buildChooserPath,,ho/G2_Page_Files.cpp,313,4
showFileChooser,,ho/G2_Page_Files.cpp,335,4
splitJsonIntoPages,,ho/G2_Page_Files.cpp,365,4
exitJsonViewBackToFiles,,ho/G2_Page_Files.cpp,451,4
g2FilesHandleTap,,ho/G2_Page_Files.cpp,652,4
handleMainTap,,ho/G2_Page_Network.cpp,874,4
g2NetworkHandleTap,,ho/G2_Page_Network.cpp,1923,4
g2BuildPowerInfo,,ho/G2_Page_Power.cpp,92,4
g2ShowPowerMenu,,ho/G2_Page_Power.cpp,151,4
g2PowerHandleTap,,ho/G2_Page_Power.cpp,168,4
g2BuildPowerInfo,,ho/G2_Page_Power.h,45,4
g2BuildSensorReadout,,ho/G2_Page_Sensors.cpp,1056,4
g2BuildSensorLiveList,,ho/G2_Page_Sensors.cpp,1129,4
g2RegisterSensorsCameraPowerHook,,ho/G2_Page_Sensors.cpp,1520,4
buildEntryRowsPretty,,ho/G2_Page_Settings.cpp,246,4
splitJsonIntoPages,,ho/G2_Page_Settings.cpp,439,4
g2ShowSettingsMenu,,ho/G2_Page_Settings.cpp,590,4
g2SettingsHandleTap,,ho/G2_Page_Settings.cpp,607,4
buildImageConfirmedRows,,ho/G2_Page_TestSuite.cpp,760,4
buildImageStaticRows,,ho/G2_Page_TestSuite.cpp,774,4
buildImageStreamingSingleRows,,ho/G2_Page_TestSuite.cpp,806,4
buildImageStreamingCompoundRows,,ho/G2_Page_TestSuite.cpp,823,4
buildImageAnimatedChooseRows,,ho/G2_Page_TestSuite.cpp,851,4
runSelectionPattern,,ho/G2_Page_TestSuite.cpp,1235,4
buildGeomVariantRows,,ho/G2_Page_TestSuite.cpp,1558,4
buildCharsRows,,ho/G2_Page_TestSuite.cpp,1677,4
g2BuildTestSuiteInfo,,ho/G2_Page_TestSuite.cpp,1904,4
g2ShowTestSuiteMenu,,ho/G2_Page_TestSuite.cpp,1978,4
payloadTextExitToBrackets,,ho/G2_Page_TestSuite.cpp,1994,4
g2TestSuiteHandleTap,,ho/G2_Page_TestSuite.cpp,2003,4
g2BuildTestSuiteInfo,,ho/G2_Page_TestSuite.h,42,4
g2TextEntryHandleTap,,ho/G2_Page_TextEntry.cpp,189,4
g2RingNoteForwardedTelemetry,,ho/G2_Ring.cpp,267,4
GlassesPriorityGuard,,ho/G2_Ring.cpp,694,4
g2RingConnectSaved,,ho/G2_Ring.cpp,934,4
g2RingConnectMac,,ho/G2_Ring.cpp,955,4
g2RingGetStatus,,ho/G2_Ring.cpp,997,4
g2RingGetStatus,,ho/G2_Ring.h,177,4
audioCaptureStart,,ho/HAL_Audio.cpp,124,4
audioCaptureStop,,ho/HAL_Audio.cpp,152,4
displayClear,,ho/HAL_Display.cpp,143,4
inputAbstractionInit,,ho/HAL_Input.cpp,112,4
hasAdminPrivilege,,ho/HardwareOne.cpp,678,4
oledEspNowHeaderTitle,,ho/OLED_ESPNow.cpp,72,4
oledEspNowShowNameKeyboard,,ho/OLED_ESPNow.cpp,142,4
oledEspNowDisplay,,ho/OLED_ESPNow.cpp,151,4
oledEspNowBackToList,,ho/OLED_ESPNow.cpp,1208,4
oledEspNowRefreshDeviceList,,ho/OLED_ESPNow.cpp,1291,4
oledEspNowOpenDeviceConfig,,ho/OLED_ESPNow.cpp,2063,4
oledFilePickerPush,,ho/OLED_Mode_FileBrowser.cpp,120,4
bondModeInputHandler,,ho/OLED_Mode_Remote.cpp,522,4
freeRemoteSettingsModules,,ho/OLED_RemoteSettings.cpp,199,4
hasRemoteSettings,,ho/OLED_RemoteSettings.cpp,270,4
initSettingsEditor,,ho/OLED_SettingsEditor.cpp,57,4
openSettingsEditorForModule,,ho/OLED_SettingsEditor.cpp,621,4
addQuickItem,,ho/OLED_SettingsEditor.cpp,778,4
renderFeaturesPage,,ho/OLED_SetupWizard.cpp,202,4
renderSensorsPage,,ho/OLED_SetupWizard.cpp,208,4
renderNetworkPage,,ho/OLED_SetupWizard.cpp,214,4
renderSystemPage,,ho/OLED_SetupWizard.cpp,280,4
resetWizardJoystickState,,ho/OLED_SetupWizard.cpp,460,4
handleOLEDESPNowPage,,ho/OLED_SetupWizard.cpp,688,4
handleOLEDMQTTPage,,ho/OLED_SetupWizard.cpp,804,4
oledDrawLevelBars,,ho/OLED_UI.cpp,108,4
oledDialogSetup,,ho/OLED_UI.cpp,228,4
oledDialogClose,,ho/OLED_UI.cpp,305,4
oledDialogActive,,ho/OLED_UI.cpp,310,4
oledNotificationCount,,ho/OLED_Utils.cpp,230,4
oledNotificationGet,,ho/OLED_Utils.cpp,254,4
oledKeyboardCancel,,ho/OLED_Utils.cpp,1906,4
oledKeyboardDismissSuggestions,,ho/OLED_Utils.cpp,1978,4
oledConfirmIsActive,,ho/OLED_Utils.cpp,2016,4
oledConfirmClose,,ho/OLED_Utils.cpp,2020,4
oledAuthContext,,ho/OLED_Utils.cpp,2598,4
registerOLEDMode,,ho/OLED_Utils.cpp,2861,4
registerOLEDModes,,ho/OLED_Utils.cpp,2890,4
initOLEDDisplay,,ho/OLED_Utils.cpp,3056,4
earlyOLEDInit,,ho/OLED_Utils.cpp,4134,4
processOLEDBootSequence,,ho/OLED_Utils.cpp,4249,4
buildDynamicMenu,,ho/OLED_Utils.cpp,4838,4
pushOLEDMode,,ho/OLED_Utils.cpp,5230,4
oledGetDataSourceLabel,,ho/OLED_Utils.cpp,5321,4
oledRemoteSourceAvailable,,ho/OLED_Utils.cpp,5330,4
processOLEDInput,,ho/OLED_Utils.cpp,5581,4
oledResumeFromSleep,,ho/OLED_Utils.cpp,6368,4
systemIdentity,,ho/System_AuthIdentity.cpp,88,4
savedIsAdmin_,,ho/System_AuthIdentity.cpp,102,4
currentCaptureState,,ho/System_AuthIdentity.cpp,172,4
setCurrentCommandContext,,ho/System_AuthIdentity.cpp,184,4
clearCurrentCommandContext,,ho/System_AuthIdentity.cpp,190,4
extractJsonLong,,ho/System_Automation.cpp,207,4
automationIdExistsInJson,,ho/System_Automation.cpp,323,4
automationsAnyDue,,ho/System_Automation.cpp,466,4
updateAutomationTriggerNextAt,,ho/System_Automation.cpp,487,4
runAutomationsOnBoot,,ho/System_Automation.cpp,544,4
initAutomationSystem,,ho/System_Automation.cpp,775,4
cmd_automation_list,,ho/System_Automation.cpp,816,4
cmd_automation_add,,ho/System_Automation.cpp,864,4
cmd_automation_enable_disable,,ho/System_Automation.cpp,1288,4
cmd_automation_run,,ho/System_Automation.cpp,1473,4
cmd_automation_trigger,,ho/System_Automation.cpp,1687,4
validateConditionalHierarchy,,ho/System_Automation.cpp,3186,4
schedulerTickMinute,,ho/System_Automation.cpp,3379,4
stopAutomationScheduler,,ho/System_Automation.cpp,3663,4
vbusSenseInit,,ho/System_Battery.cpp,68,4
buildBatteryJson,,ho/System_Battery.cpp,454,4
cmd_battery_status,,ho/System_Battery.cpp,481,4
cmd_battery_calibrate,,ho/System_Battery.cpp,555,4
cmd_batterylog,,ho/System_Battery.cpp,679,4
bleScSendEncrypted,,ho/System_BleSecureChannel.cpp,231,4
resolvePeerMac,,ho/System_BondedPeer.cpp,47,4
peerSettingsHash,,ho/System_BondedPeer.cpp,97,4
renderHelpSensors,,ho/System_CLI.cpp,188,4
handleHelpNavigation,,ho/System_CLI.cpp,221,4
renderModuleHelp,,ho/System_CLI.cpp,386,4
cameraErrorToString,,ho/System_Camera_DVP.cpp,55,4
cameraPwrWaitDone,,ho/System_Camera_DVP.cpp,1002,4
cameraPowerRequestRestartSync,,ho/System_Camera_DVP.cpp,1037,4
recordingTask,,ho/System_Camera_Video.cpp,292,4
isSynced,,ho/System_Clock.cpp,16,4
isHelpModeCommand,,ho/System_Command.cpp,124,4
resolveRegistryCommandKey,,ho/System_Command.cpp,146,4
printCommandModuleSummary,,ho/System_Command.cpp,323,4
parse,CommandArgs,ho/System_Command.cpp,354,4
helpSuppressedTailDump,,ho/System_Debug.cpp,116,4
initDebugSystem,,ho/System_Debug.cpp,432,4
broadcastOutputCore,,ho/System_Debug.cpp,666,4
helpSuppressedPrintAndReset,,ho/System_Debug.cpp,824,4
streamDebugReset,,ho/System_Debug.cpp,843,4
applyHttpsLogLevels,,ho/System_Debug.cpp,975,4
cmd_debugmqtt,,ho/System_Debug.cpp,1045,4
cmd_debugauthcookies,,ho/System_Debug.cpp,1937,4
logTimeSyncedMarkerIfReady,,ho/System_Debug.cpp,3090,4
saveEspNowDevices,,ho/System_ESPNow.cpp,476,4
deriveKeyFromPassphrase,,ho/System_ESPNow.cpp,660,4
bondPeerActiveSession,,ho/System_ESPNow.cpp,755,4
destroyStreamSession,,ho/System_ESPNow.cpp,1030,4
v4_broadcast,,ho/System_ESPNow.cpp,1787,4
v4_send_file_cancel,,ho/System_ESPNow.cpp,2172,4
bondNotifySessionEstablished,,ho/System_ESPNow.cpp,2394,4
v4_broadcast_sensor_status,,ho/System_ESPNow.cpp,2459,4
v4_broadcast_sensor_data,,ho/System_ESPNow.cpp,2479,4
v4_send_user_sync,,ho/System_ESPNow.cpp,2519,4
computeBondLocalSettingsHash,,ho/System_ESPNow.cpp,5601,4
generateDeviceSettings,,ho/System_ESPNow.cpp,5616,4
requestBondSettings,,ho/System_ESPNow.cpp,5722,4
submitBondFileSend,,ho/System_ESPNow.cpp,6077,4
firePostSyncSideEffects,,ho/System_ESPNow.cpp,6193,4
addTopoDeviceName,,ho/System_ESPNow.cpp,6773,4
isPairedDevice,,ho/System_ESPNow.cpp,7059,4
espnowPeerExists,,ho/System_ESPNow.cpp,7070,4
setMeshRole,,ho/System_ESPNow.cpp,7478,4
bondSendReadyOrDeferred,,ho/System_ESPNow.cpp,7608,4
bondSendReadyOrDeferred,,ho/System_ESPNow.cpp,8137,4
bondSendReadyOrDeferred,,ho/System_ESPNow.cpp,8155,4
bondSendReadyOrDeferred,,ho/System_ESPNow.cpp,8174,4
getEspNowTaskHandle,,ho/System_ESPNow.cpp,8425,4
espnowAppPingStart,,ho/System_ESPNow.cpp,8458,4
espnowAppPingClear,,ho/System_ESPNow.cpp,8512,4
cmd_espnow_deinit,,ho/System_ESPNow.cpp,9073,4
cmd_espnow_status,,ho/System_ESPNow.cpp,9087,4
espnowSerializeMeshPeerMeta,,ho/System_ESPNow.cpp,10332,4
cmd_espnow_send,,ho/System_ESPNow.cpp,12538,4
isEspNowInitialized,,ho/System_ESPNow.cpp,14057,4
getPeerMessages,,ho/System_ESPNow.cpp,14396,4
getAllMessages,,ho/System_ESPNow.cpp,14435,4
espnowGetConversation,,ho/System_ESPNow.cpp,14531,4
lastChunkTime,,ho/System_ESPNow.h,613,4
isMeshMode,,ho/System_ESPNow.h,1139,4
espnowCryptoReady,,ho/System_ESPNow_Crypto.cpp,35,4
releaseLocked,,ho/System_ESPNow_Files.cpp,61,4
fileSlotsGetReceivedBytes,,ho/System_ESPNow_Files.cpp,302,4
fileSlotsGetTotalSize,,ho/System_ESPNow_Files.cpp,320,4
fileSlotsActiveCount,,ho/System_ESPNow_Files.cpp,361,4
allocSlotAndReqIdLocked,,ho/System_ESPNow_FsList.cpp,164,4
fsListTick,,ho/System_ESPNow_FsList.cpp,897,4
keyExClearInFlight,,ho/System_ESPNow_Handlers_Crypto.cpp,520,4
espnowRekeyInitiate,,ho/System_ESPNow_Handlers_Crypto.cpp,1255,4
hexToBytes,,ho/System_ESPNow_Identity.cpp,41,4
formatMacNoSep,,ho/System_ESPNow_Identity.cpp,305,4
peerIdentityAt,,ho/System_ESPNow_Identity.cpp,612,4
peerIdentitySlotCount,,ho/System_ESPNow_Identity.cpp,617,4
meshKeysStretchPassphrase,,ho/System_ESPNow_MeshKeys.cpp,43,4
espnowSaturationNoteAckRtt,,ho/System_ESPNow_Saturation.cpp,51,4
espnowSaturationTick,,ho/System_ESPNow_Saturation.cpp,59,4
espnowSaturationReset,,ho/System_ESPNow_Saturation.cpp,86,4
espnowSaturationReport,,ho/System_ESPNow_Saturation.cpp,95,4
formatRemoteSensorReadable,,ho/System_ESPNow_Sensors.cpp,634,4
buildThermalDataJSONInteger,,ho/System_ESPNow_Sensors.cpp,748,4
buildThermalDataJSONInteger,,ho/System_ESPNow_Sensors.cpp,811,4
sessionAllocate,,ho/System_ESPNow_Sessions.cpp,63,4
sessionDeriveAeadKeys,,ho/System_ESPNow_Sessions.cpp,108,4
pendingFrameCount,,ho/System_ESPNow_Sessions.cpp,565,4
sendStatusMarkDelivered,,ho/System_ESPNow_Sessions.cpp,661,4
sessionAbortRekey,,ho/System_ESPNow_Sessions.cpp,788,4
submit,,ho/System_ESPNow_Tx.cpp,168,4
executeVoiceCommandAsArmedUser,,ho/System_ESPSR.cpp,168,4
findCliCommandForId,,ho/System_ESPSR.cpp,369,4
srSnipStartSession,,ho/System_ESPSR.cpp,1196,4
deinitAFE,,ho/System_ESPSR.cpp,1752,4
deinitMultiNet,,ho/System_ESPSR.cpp,1842,4
startESPSR,,ho/System_ESPSR.cpp,2527,4
stopESPSR,,ho/System_ESPSR.cpp,2627,4
isESPSRWakeActive,,ho/System_ESPSR.cpp,2660,4
setESPSRCommandCallback,,ho/System_ESPSR.cpp,2668,4
cmd_sr_start,,ho/System_ESPSR.cpp,2741,4
cmd_sr_stop,,ho/System_ESPSR.cpp,2774,4
registerESPSRHandlers,,ho/System_ESPSR.cpp,3878,4
getESPSRVoiceState,,ho/System_ESPSR.cpp,3886,4
loadModelFromFile,,ho/System_EdgeImpulse.cpp,457,4
allocateImageBuffers,,ho/System_EdgeImpulse.cpp,830,4
initEdgeImpulse,,ho/System_EdgeImpulse.cpp,875,4
isEdgeImpulseModelLoaded,,ho/System_EdgeImpulse.cpp,938,4
stopContinuousInference,,ho/System_EdgeImpulse.cpp,1865,4
buildDetectionJson,,ho/System_EdgeImpulse.cpp,1885,4
getEnabledFeaturesHeapEstimate,,ho/System_FeatureRegistry.cpp,416,4
getCategoryName,,ho/System_FeatureRegistry.cpp,450,4
navigateInto,FileManager,ho/System_FileManager.cpp,115,4
moveUp,FileManager,ho/System_FileManager.cpp,126,4
moveDown,FileManager,ho/System_FileManager.cpp,135,4
ensureValidSelection,FileManager,ho/System_FileManager.cpp,523,4
formatFileSize,,ho/System_FileManager.cpp,545,4
buildFilesStatsJson,,ho/System_Filesystem.cpp,466,4
buildFilesListJson,,ho/System_Filesystem.cpp,485,4
hasSensitiveExtension,,ho/System_Filesystem.cpp,1239,4
isImageFile,,ho/System_Filesystem.cpp,1265,4
quotePath,,ho/System_Filesystem.cpp,1316,4
resolveRole,,ho/System_Filesystem.cpp,1334,4
permsForRole,,ho/System_Filesystem.cpp,1351,4
rebootWithMessage,,ho/System_FirstTimeSetup.cpp,140,4
g2PbWriteBool,,ho/System_G2_Protocol.cpp,110,4
i2cAddressForDeviceType,,ho/System_I2C.cpp,293,4
i2cResetGracePeriod,,ho/System_I2C.cpp,436,4
identifySensor,,ho/System_I2C.cpp,617,4
scanBusForDevicesSmart,,ho/System_I2C.cpp,1248,4
buildDeviceRegistryJson,,ho/System_I2C.cpp,1502,4
sensorQueueProcessorTask,,ho/System_I2C.cpp,2549,4
busPinsFromSettings,,ho/System_I2C_Manager.cpp,169,4
initBus,I2CDeviceManager,ho/System_I2C_Manager.cpp,234,4
checkBusRecoveryNeeded,I2CDeviceManager,ho/System_I2C_Manager.cpp,398,4
clockStackPop,I2CDeviceManager,ho/System_I2C_Manager.cpp,443,4
clockStackTopOrDefault,I2CDeviceManager,ho/System_I2C_Manager.cpp,450,4
updateMetrics,I2CDeviceManager,ho/System_I2C_Manager.cpp,470,4
baseTimeoutMs,,ho/System_I2C_Manager.cpp,657,4
recordError,I2CDevice,ho/System_I2C_Manager.cpp,693,4
attemptRecovery,I2CDevice,ho/System_I2C_Manager.cpp,786,4
captureAndSave,ImageManager,ho/System_ImageManager.cpp,150,4
deleteImage,ImageManager,ho/System_ImageManager.cpp,427,4
llmStartAsync,,ho/System_LLM.cpp,1755,4
llmGetResultChunk,,ho/System_LLM.cpp,1801,4
slotForIdx,,ho/System_LLMChat.cpp,77,4
appendTurnLocked,,ho/System_LLMChat.cpp,121,4
popLastTurnLocked,,ho/System_LLMChat.cpp,152,4
chatResolveParams,,ho/System_LLMChat.cpp,239,4
chatClear,,ho/System_LLMChat.cpp,408,4
llmBindRunState,,ho/System_LLM_Model.cpp,617,4
decode,,ho/System_LLM_Tokenizer.cpp,387,4
getExternalSensorCount,,ho/System_MQTT.cpp,168,4
getExternalSensor,,ho/System_MQTT.cpp,173,4
startMQTT,,ho/System_MQTT.cpp,838,4
publishMQTTSensorData,,ho/System_MQTT.cpp,972,4
mqttTick,,ho/System_MQTT.cpp,1111,4
cmd_debugmqtt,,ho/System_MQTT.cpp,1543,4
mapLayerToggle,,ho/System_Maps.cpp,171,4
addFile,WaypointManager,ho/System_Maps.cpp,2310,4
deleteWaypoint,WaypointManager,ho/System_Maps.cpp,2386,4
calculateStats,GPSTrackManager,ho/System_Maps.cpp,2517,4
calculateBounds,GPSTrackManager,ho/System_Maps.cpp,2600,4
saveTrack,GPSTrackManager,ho/System_Maps.cpp,2712,4
ps_realloc,,ho/System_MemUtil.h,203,4
ps_realloc,,ho/System_MemUtil.h,222,4
getPsramBuffer,,ho/System_MemUtil.h,338,4
sampleMemoryState,,ho/System_MemoryMonitor.cpp,155,4
countHealthy,,ho/System_MeshPeers.cpp,38,4
resetMicAudioProcessingState,,ho/System_Microphone.cpp,104,4
recordingTask,,ho/System_Microphone.cpp,201,4
startRecording,,ho/System_Microphone.cpp,300,4
deleteRecording,,ho/System_Microphone.cpp,461,4
notifyWiFiDisconnected,,ho/System_Notifications.cpp,291,4
notifyLoginSuccess,,ho/System_Notifications.cpp,391,4
notifyLoginFailed,,ho/System_Notifications.cpp,400,4
notifySensorStopped,,ho/System_Notifications.cpp,442,4
notifyVoiceCommandResult,,ho/System_Notifications.cpp,526,4
applyPowerMode,,ho/System_Power.cpp,57,4
r1ModelCrc16,,ho/System_R1_Protocol.cpp,35,4
r1Crc32,,ho/System_R1_Protocol.cpp,82,4
buildPairAuth,R1Encoder,ho/System_R1_Protocol.cpp,172,4
buildSyncTime,R1Encoder,ho/System_R1_Protocol.cpp,182,4
buildAdvStart,R1Encoder,ho/System_R1_Protocol.cpp,199,4
buildHealthSettingsQuery,R1Encoder,ho/System_R1_Protocol.cpp,221,4
buildHealthQuery,R1Encoder,ho/System_R1_Protocol.cpp,233,4
r1StatusTypeName,,ho/System_R1_Protocol.cpp,378,4
r1StatusMethodName,,ho/System_R1_Protocol.cpp,386,4
r1StatusAckName,,ho/System_R1_Protocol.cpp,394,4
r1AnnotatePayload,,ho/System_R1_Protocol.cpp,829,4
psramFreeBytes,,ho/System_SelfDevice.cpp,34,4
cmd_ntpserver,,ho/System_Settings.cpp,1261,4
cmd_ntpserver,,ho/System_Settings.cpp,1314,4
registerAllSettingsModules,,ho/System_Settings.cpp,1775,4
printSettingsModuleSummary,,ho/System_Settings.cpp,2045,4
buildSettingsSchemaJson,,ho/System_Settings.cpp,2346,4
setupArchetypeAvailable,,ho/System_SetupWizard.cpp,61,4
initSetupWizard,,ho/System_SetupWizard.cpp,359,4
rebuildNetworkSettingsPage,,ho/System_SetupWizard.cpp,465,4
wizardFinalize,,ho/System_SetupWizard.cpp,853,4
printSerialHeapBar,,ho/System_SetupWizard.cpp,888,4
printSerialPageStatus,,ho/System_SetupWizard.cpp,973,4
wifiScanPrintNamed,,ho/System_SetupWizard.cpp,1262,4
runSetupWizard,,ho/System_SetupWizard.cpp,1380,4
createIMUTask,,ho/System_TaskUtils.cpp,212,4
createToFTask,,ho/System_TaskUtils.cpp,230,4
createFMRadioTask,,ho/System_TaskUtils.cpp,248,4
createRTCTask,,ho/System_TaskUtils.cpp,321,4
deltaCpuPercent,,ho/System_TaskUtils.cpp,402,4
g2PairedUserClear,,ho/System_User.cpp,44,4
loginTransport,,ho/System_User.cpp,310,4
setUserPassword,,ho/System_User.cpp,621,4
userMustChangePassword,,ho/System_User.cpp,643,4
approvePendingUserInternal,,ho/System_User.cpp,1069,4
denyPendingUserInternal,,ho/System_User.cpp,1284,4
cmd_session_list,,ho/System_User.cpp,2136,4
cmd_session_revoke,,ho/System_User.cpp,2208,4
cmd_session_list,,ho/System_User.cpp,2358,4
cmd_session_revoke,,ho/System_User.cpp,2363,4
cleanupOldBootAnchors,,ho/System_User.cpp,2787,4
writeBootAnchor,,ho/System_User.cpp,2996,4
loadAndIncrementBootSeq,,ho/System_User.cpp,3109,4
cmd_user_sync,,ho/System_User.cpp,3235,4
cmd_user_sync,,ho/System_User.cpp,3349,4
base64Encode,,ho/System_Utils.cpp,325,4
parseJsonString,,ho/System_Utils.cpp,473,4
extractArrayByKey,,ho/System_Utils.cpp,500,4
extractArrayItem,,ho/System_Utils.cpp,525,4
setSerialWaitTimeout,,ho/System_Utils.cpp,703,4
redactOutputForLog,,ho/System_Utils.cpp,1167,4
commandRequiresAdmin,,ho/System_Utils.cpp,2515,4
printMemoryReport,,ho/System_Utils.cpp,2686,4
getIconNameForExtension,,ho/System_Utils.cpp,4074,4
loadIconData,,ho/System_Utils.cpp,4099,4
macParse,,ho/System_Utils.h,441,4
tryMountSD,,ho/System_VFS.cpp,135,4
probeSDWriteInternal,,ho/System_VFS.cpp,211,4
invalidateLittleFsFreeCache,,ho/System_VFS.cpp,555,4
rmdirGuarded,,ho/System_VFS.cpp,851,4
testSDPins,,ho/System_VFS.cpp,1027,4
cmd_wifiinfo,,ho/System_WiFi.cpp,82,4
cmd_httpstatus,,ho/System_WiFi.cpp,993,4
registerBluetoothHandlers,,ho/WebPage_Bluetooth.cpp,26,4
webFsBridgeEnsureInit,,ho/WebPage_Bond.cpp,1760,4
fsStatusTag,,ho/WebPage_Bond.cpp,1811,4
registerBondHandlers,,ho/WebPage_Bond.cpp,2126,4
registerBondHandlers,,ho/WebPage_Bond.cpp,2178,4
handleEspNowMetadata,,ho/WebPage_ESPNow_Metadata.cpp,38,4
registerGamesHandlers,,ho/WebPage_Games.cpp,26,4
readPostBody,,ho/WebPage_LLM.cpp,40,4
registerLLMHandlers,,ho/WebPage_LLM.cpp,412,4
streamLoginInner,,ho/WebPage_Login.h,14,4
registerMqttHandlers,,ho/WebPage_MQTT.cpp,467,4
registerMapsHandlers,,ho/WebPage_Maps.cpp,486,4
handleWaypointsAPI,,ho/WebPage_Maps.cpp,504,4
registerSensorHandlers,,ho/WebPage_Sensors.cpp,995,4
registerSpeechPageHandlers,,ho/WebPage_Speech.cpp,26,4
sseEnqueueEvent,,ho/WebServer_Events.cpp,79,4
isCertFile,,ho/WebServer_MigrationTool.cpp,89,4
pruneExpiredSessions,,ho/WebServer_Server.cpp,209,4
authSuccessUnified,,ho/WebServer_Server.cpp,374,4
isIpBanned,,ho/WebServer_Server.cpp,936,4
handlePasswordChangePage,,ho/WebServer_Server.cpp,2352,4
handleLogin,,ho/WebServer_Server.cpp,3240,4
sendAuthRequiredResponse,,ho/WebServer_Server.cpp,3394,4
handleBrowserIcon,,ho/WebServer_Server.cpp,4672,4
snapshotTo,WebMirrorBuf,ho/WebServer_Utils.cpp,175,4
makeSessToken,,ho/WebServer_Utils.cpp,327,4
generateNavigation,,ho/WebServer_Utils.cpp,356,4
anoEncoderInit,,ho/i2csensor_ano_encoder.cpp,143,4
anoEncoderBuildDataJSON,,ho/i2csensor_ano_encoder.cpp,288,4
cmd_apdscolor,,ho/i2csensor_apds9960.cpp,87,4
cmd_apdsproximity,,ho/i2csensor_apds9960.cpp,93,4
cmd_apdsgesture,,ho/i2csensor_apds9960.cpp,99,4
apdsStartInternal,,ho/i2csensor_apds9960.cpp,246,4
apdsTask,,ho/i2csensor_apds9960.cpp,450,4
cmd_imu,,ho/i2csensor_bno055.cpp,76,4
imuStartInternal,,ho/i2csensor_bno055.cpp,115,4
cmd_imustart,,ho/i2csensor_bno055.cpp,211,4
cmd_imustop,,ho/i2csensor_bno055.cpp,239,4
cmd_imuactions,,ho/i2csensor_bno055.cpp,246,4
imuInit,,ho/i2csensor_bno055.cpp,333,4
imuPoll,,ho/i2csensor_bno055.cpp,523,4
imuTask,,ho/i2csensor_bno055.cpp,1043,4
rtcResolveBus,,ho/i2csensor_ds3231.cpp,38,4
rtcReadRegisters,,ho/i2csensor_ds3231.cpp,84,4
rtcWriteDateTime,,ho/i2csensor_ds3231.cpp,123,4
rtcEarlyBootSync,,ho/i2csensor_ds3231.cpp,160,4
rtcLocalTime,,ho/i2csensor_ds3231.cpp,339,4
rtcInit,,ho/i2csensor_ds3231.cpp,514,4
fuelGaugeProbe,,ho/i2csensor_max17048.cpp,68,4
thermalStartInternal,,ho/i2csensor_mlx90640.cpp,124,4
cmd_thermalstart,,ho/i2csensor_mlx90640.cpp,248,4
cmd_thermalstop,,ho/i2csensor_mlx90640.cpp,321,4
cmd_thermalpalettedefault,,ho/i2csensor_mlx90640.cpp,328,4
cmd_thermalewmafactor,,ho/i2csensor_mlx90640.cpp,351,4
cmd_thermaltransitionms,,ho/i2csensor_mlx90640.cpp,362,4
cmd_thermalupscalefactor,,ho/i2csensor_mlx90640.cpp,373,4
cmd_thermalrollingminmaxenabled,,ho/i2csensor_mlx90640.cpp,384,4
cmd_thermalrollingminmaxalpha,,ho/i2csensor_mlx90640.cpp,395,4
cmd_thermalrollingminmaxguardc,,ho/i2csensor_mlx90640.cpp,406,4
cmd_thermaltemporalalpha,,ho/i2csensor_mlx90640.cpp,417,4
cmd_thermalrotation,,ho/i2csensor_mlx90640.cpp,428,4
thermalTask,,ho/i2csensor_mlx90640.cpp,1350,4
gpsStartInternal,,ho/i2csensor_pa1010d.cpp,59,4
cmd_gpsstop,,ho/i2csensor_pa1010d.cpp,221,4
cmd_gps,,ho/i2csensor_pa1010d.cpp,230,4
gpsTask,,ho/i2csensor_pa1010d.cpp,335,4
fmRadioDeinit,,ho/i2csensor_rda5807.cpp,195,4
fmRadioStartInternal,,ho/i2csensor_rda5807.cpp,329,4
cmd_fmradio_start,,ho/i2csensor_rda5807.cpp,488,4
cmd_fmradio_stop,,ho/i2csensor_rda5807.cpp,509,4
cmd_fmradio_tune,,ho/i2csensor_rda5807.cpp,523,4
cmd_fmradio_seek,,ho/i2csensor_rda5807.cpp,569,4
cmd_fmradio_volume,,ho/i2csensor_rda5807.cpp,612,4
cmd_gamepad,,ho/i2csensor_seesaw.cpp,84,4
gamepadInit,,ho/i2csensor_seesaw.cpp,174,4
gamepadPoll,,ho/i2csensor_seesaw.cpp,357,4
presenceResolveBus,,ho/i2csensor_sths34pf80.cpp,111,4
readRegister,,ho/i2csensor_sths34pf80.cpp,131,4
presenceInit,,ho/i2csensor_sths34pf80.cpp,326,4
presencePoll,,ho/i2csensor_sths34pf80.cpp,370,4
cmd_tof,,ho/i2csensor_vl53l4cx.cpp,137,4
tofStartInternal,,ho/i2csensor_vl53l4cx.cpp,157,4
cmd_tofstart,,ho/i2csensor_vl53l4cx.cpp,248,4
cmd_tofstop,,ho/i2csensor_vl53l4cx.cpp,276,4
tofInit,,ho/i2csensor_vl53l4cx.cpp,309,4
tofPoll,,ho/i2csensor_vl53l4cx.cpp,375,4
tofTask,,ho/i2csensor_vl53l4cx.cpp,682,4
bleStampPairedByIfBlank,,ho/BLE_Peers.cpp,142,5
bleSavePeerMac,,ho/BLE_Peers.cpp,204,5
cmd_bleautoconnect,,ho/BLE_Peers.cpp,291,5
bleGetAuthenticatedSessionInfo,,ho/Bluetooth.cpp,170,5
bleRevokeUserSessions,,ho/Bluetooth.cpp,187,5
macToStackBuf,,ho/Bluetooth.cpp,238,5
copyMacUpper,,ho/Bluetooth.cpp,246,5
bleScEstablished,,ho/Bluetooth.cpp,1211,5
bleSubsystemStateString,,ho/Bluetooth.cpp,1923,5
g2FsmPageSwapping,,ho/G2_Glasses.cpp,570,5
macEqualsIgnoreCase,,ho/G2_Glasses.cpp,1072,5
g2MicReadPcmSamples,,ho/G2_Glasses.cpp,1547,5
populateHijackMenuItems,,ho/G2_Glasses.cpp,3576,5
g2DebugSetNextBurstFragDelay,,ho/G2_Glasses.cpp,5435,5
resetRecoveryBackoff,,ho/G2_Glasses.cpp,5682,5
stopHeartbeatTimer,,ho/G2_Glasses.cpp,5935,5
connectTemple,,ho/G2_Glasses.cpp,6060,5
disconnectTemple,,ho/G2_Glasses.cpp,6237,5
g2ConnectSaved,,ho/G2_Glasses.cpp,6719,5
setTempleConnParams,,ho/G2_Glasses.cpp,6781,5
getG2State,,ho/G2_Glasses.cpp,6847,5
g2TextViewDisarm,,ho/G2_Glasses.cpp,6938,5
g2ClearDisplay,,ho/G2_Glasses.cpp,7814,5
tapDispatcherEnqueueExit,,ho/G2_Glasses.cpp,8624,5
g2LensApplyHijackActive,,ho/G2_Glasses.cpp,10190,5
getG2Status,,ho/G2_Glasses.cpp,10421,5
logPbHex,,ho/G2_Glasses.cpp,12240,5
g2ShowCameraStream,,ho/G2_Glasses.cpp,14694,5
g2ShowCameraStream,,ho/G2_Glasses.cpp,14721,5
g2ProbeImageQ16MixedSideBySide,,ho/G2_Glasses.cpp,16189,5
g2ProbeImageQ17MixedOverlap,,ho/G2_Glasses.cpp,16211,5
g2ProbeImageQ18MixedIcon,,ho/G2_Glasses.cpp,16231,5
framesizeFullName,,ho/G2_Page_CameraSettings.cpp,85,5
cycleRangeM2P2,,ho/G2_Page_CameraSettings.cpp,224,5
fmtSignedInt,,ho/G2_Page_CameraSettings.cpp,261,5
buildCookie,,ho/G2_Page_ESPNow.cpp,243,5
showBondSensorsMenu,,ho/G2_Page_ESPNow.cpp,565,5
submitBroadcast,,ho/G2_Page_ESPNow.cpp,910,5
g2BuildFilesInfo,,ho/G2_Page_Files.cpp,565,5
g2BuildFilesInfo,,ho/G2_Page_Files.h,47,5
g2BuildNetworkInfo,,ho/G2_Page_Network.cpp,107,5
bluetoothToggleAutoStart,,ho/G2_Page_Network.cpp,1443,5
g2BuildNetworkInfo,,ho/G2_Page_Network.h,48,5
g2BuildSensorList,,ho/G2_Page_Sensors.cpp,392,5
gpCell,,ho/G2_Page_Sensors.cpp,769,5
g2SensorsHandleTap,,ho/G2_Page_Sensors.cpp,1174,5
g2BuildSensorList,,ho/G2_Page_Sensors.h,87,5
g2BuildSettingsInfo,,ho/G2_Page_Settings.cpp,555,5
g2BuildSettingsInfo,,ho/G2_Page_Settings.h,44,5
buildImageAnimatedIconsRows,,ho/G2_Page_TestSuite.cpp,837,5
buildSelectionEdgesRows,,ho/G2_Page_TestSuite.cpp,1211,5
buildDisplayComboRows,,ho/G2_Page_TestSuite.cpp,1571,5
buildCharsUnicodeRows,,ho/G2_Page_TestSuite.cpp,1719,5
g2RingScan,,ho/G2_Ring.cpp,637,5
ringPerformConnect,,ho/G2_Ring.cpp,718,5
g2RingConnect,,ho/G2_Ring.cpp,914,5
inputGetButtonMask,,ho/HAL_Input.cpp,144,5
appendCommandToFeed,,ho/HardwareOne.cpp,494,5
originPrefix,,ho/HardwareOne.cpp,512,5
oledEspNowShowInitPrompt,,ho/OLED_ESPNow.cpp,138,5
oledEspNowRefreshMessages,,ho/OLED_ESPNow.cpp,1403,5
isOLEDAvailable,,ho/OLED_FirstTimeSetup.cpp,55,5
peerStartRequest,,ho/OLED_Mode_FileBrowser.cpp,343,5
drawLoggingMenuItem,,ho/OLED_Mode_Logging.cpp,63,5
getVisibleSensors,,ho/OLED_Mode_Remote.cpp,75,5
displaySettingsEditor,,ho/OLED_SettingsEditor.cpp,181,5
settingsEditorUp,,ho/OLED_SettingsEditor.cpp,468,5
settingsEditorDown,,ho/OLED_SettingsEditor.cpp,509,5
settingsEditorSelect,,ho/OLED_SettingsEditor.cpp,550,5
settingsEditorBack,,ho/OLED_SettingsEditor.cpp,649,5
oledGetCurrentModeName,,ho/OLED_Utils.cpp,265,5
oledContentEnd,,ho/OLED_Utils.cpp,732,5
oledContentUpdateScroll,,ho/OLED_Utils.cpp,842,5
oledScrollClear,,ho/OLED_Utils.cpp,907,5
oledScrollGetSelected,,ho/OLED_Utils.cpp,1001,5
oledKeyboardDrawIfActive,,ho/OLED_Utils.cpp,1777,5
oledKeyboardBackspace,,ho/OLED_Utils.cpp,1890,5
oledKeyboardToggleMode,,ho/OLED_Utils.cpp,1912,5
getLine,OLEDConsoleBuffer,ho/OLED_Utils.cpp,2214,5
oledDrawBackArrowIcon,,ho/OLED_Utils.cpp,2290,5
drawBackArrowIcon,,ho/OLED_Utils.cpp,2301,5
OLEDModeRegistrar,OLEDModeRegistrar,ho/OLED_Utils.cpp,2851,5
debugOLEDModeChange,,ho/OLED_Utils.cpp,2992,5
modeFromSlug,,ho/OLED_Utils.cpp,3991,5
getJoystickDelta,,ho/OLED_Utils.cpp,5413,5
applyOLEDRotation,,ho/OLED_Utils.cpp,6226,5
oledNotifyLocalDisplayAuthChanged,,ho/OLED_Utils.cpp,6283,5
oledPrepareForSleep,,ho/OLED_Utils.cpp,6334,5
currentCommandContext,,ho/System_AuthIdentity.cpp,166,5
queueAutomationSubCommand,,ho/System_Automation.cpp,79,5
isAutoInternalResult,,ho/System_Automation.cpp,109,5
rescheduleAfterFire,,ho/System_Automation.cpp,2400,5
startAutomationScheduler,,ho/System_Automation.cpp,3657,5
vbusSenseRead,,ho/System_Battery.cpp,78,5
bleScEstablished,,ho/System_BleSecureChannel.cpp,179,5
scNonce,,ho/System_BleSecureChannel.cpp,189,5
scSendReject,,ho/System_BleSecureChannel.cpp,292,5
cliEnterMode,,ho/System_CLIMode.cpp,23,5
getVideoRecordingCount,,ho/System_Camera_Video.cpp,451,5
getVideoRecordingsList,,ho/System_Camera_Video.cpp,469,5
streamDebugRecord,,ho/System_Debug.cpp,850,5
syncBluetoothParentFlag,,ho/System_Debug.cpp,1111,5
getDebugQueue,DebugManager,ho/System_Debug.cpp,3028,5
getDebugFreeQueue,DebugManager,ho/System_Debug.cpp,3032,5
buildTimestampPrefix,,ho/System_Debug.cpp,3126,5
macEqual6,,ho/System_ESPNow.cpp,403,5
sendEspNowStreamMessage,,ho/System_ESPNow.cpp,913,5
v4_crc16_ccitt,,ho/System_ESPNow.cpp,1129,5
fingerprintForPeer,,ho/System_ESPNow.cpp,1197,5
v4_crc16_ccitt,,ho/System_ESPNow.cpp,4195,5
buildLocalBondStatus,,ho/System_ESPNow.cpp,5180,5
buildCapabilitySummary,,ho/System_ESPNow.cpp,5277,5
loadSettingsFromCache,,ho/System_ESPNow.cpp,5676,5
macEqual6,,ho/System_ESPNow.cpp,6720,5
getMeshRoleString,,ho/System_ESPNow.cpp,6923,5
cleanupTimedOutChunks,,ho/System_ESPNow.cpp,7092,5
checkEspNowFirstTimeSetup,,ho/System_ESPNow.cpp,7122,5
isMeshPeerRecentlyActive,,ho/System_ESPNow.cpp,7371,5
metaGetSet,,ho/System_ESPNow.cpp,10216,5
cmd_espnow_roomcmd,,ho/System_ESPNow.cpp,10547,5
cmd_espnow_tagcmd,,ho/System_ESPNow.cpp,10597,5
espnowConsumePairingWindow,,ho/System_ESPNow.cpp,12008,5
cmd_espnow_remote,,ho/System_ESPNow.cpp,12371,5
espnowCryptoX25519Keygen,,ho/System_ESPNow_Crypto.cpp,147,5
fileSlotsFindByMsg,,ho/System_ESPNow_Files.cpp,244,5
fileSlotsGetReceivedChunks,,ho/System_ESPNow_Files.cpp,314,5
fileSlotsGetTotalChunks,,ho/System_ESPNow_Files.cpp,317,5
fileSlotsSnapshot,,ho/System_ESPNow_Files.cpp,370,5
findPendingByIdLocked,,ho/System_ESPNow_FsList.cpp,152,5
keyExIsInFlight,,ho/System_ESPNow_Handlers_Crypto.cpp,526,5
bytesToHex,,ho/System_ESPNow_Identity.cpp,32,5
espnowIdentityFormatPubHex,,ho/System_ESPNow_Identity.cpp,274,5
meshKeysFindByFingerprint,,ho/System_ESPNow_MeshKeys.cpp,138,5
findOrCreateCacheEntry,,ho/System_ESPNow_Sensors.cpp,228,5
startSensorDataStreaming,,ho/System_ESPNow_Sensors.cpp,318,5
isSensorDataStreamingEnabled,,ho/System_ESPNow_Sensors.cpp,419,5
setSensorBroadcastEnabled,,ho/System_ESPNow_Sensors.cpp,428,5
isSensorBroadcastEnabled,,ho/System_ESPNow_Sensors.cpp,433,5
getRemoteDevicesListJSON,,ho/System_ESPNow_Sensors.cpp,681,5
sessionsInit,,ho/System_ESPNow_Sessions.cpp,24,5
sessionFindBySessionId,,ho/System_ESPNow_Sessions.cpp,50,5
sessionAt,,ho/System_ESPNow_Sessions.cpp,148,5
sessionSlotCount,,ho/System_ESPNow_Sessions.cpp,154,5
pendingFrameDrainForPeer,,ho/System_ESPNow_Sessions.cpp,479,5
findByMsgId,,ho/System_ESPNow_Sessions.cpp,603,5
sendStatusMarkFailed,,ho/System_ESPNow_Sessions.cpp,674,5
transportToStableString,,ho/System_ESPSR.cpp,122,5
voiceDisarmInternal,,ho/System_ESPSR.cpp,137,5
voiceArmFromContextInternal,,ho/System_ESPSR.cpp,145,5
clearVoiceCliMappings,,ho/System_ESPSR.cpp,357,5
addSpecialPhrases,,ho/System_ESPSR.cpp,388,5
writeWavHeader,,ho/System_ESPSR.cpp,1095,5
restoreMicrophoneAfterSRIfNeeded,,ho/System_ESPSR.cpp,1445,5
clampFloat,,ho/System_ESPSR.cpp,1499,5
deinitI2SMicrophone,,ho/System_ESPSR.cpp,1593,5
runEdgeImpulseInference,,ho/System_EdgeImpulse.cpp,946,5
registerEdgeImpulseHandlers,,ho/System_EdgeImpulse.cpp,2478,5
getFeatureCount,,ho/System_FeatureRegistry.cpp,369,5
getFeatureByIndex,,ho/System_FeatureRegistry.cpp,373,5
canToggleFeature,,ho/System_FeatureRegistry.cpp,404,5
navigateUp,FileManager,ho/System_FileManager.cpp,92,5
getStorageStats,FileManager,ho/System_FileManager.cpp,360,5
setVisibilityFilter,FileManager,ho/System_FileManager.cpp,512,5
buildFilesListing,,ho/System_Filesystem.cpp,222,5
runFileWritePostSaveHooks,,ho/System_Filesystem.cpp,504,5
canDelete,,ho/System_Filesystem.cpp,1417,5
canCreate,,ho/System_Filesystem.cpp,1423,5
setFirstTimeSetupState,,ho/System_FirstTimeSetup.cpp,105,5
g2sidName,,ho/System_G2_Protocol.cpp,1305,5
discoverI2CDevices,,ho/System_I2C.cpp,1304,5
buildI2cDeviceListJson,,ho/System_I2C.cpp,1474,5
i2cGetConsecutiveErrors,,ho/System_I2C.h,369,5
setBusClock,I2CDeviceManager,ho/System_I2C_Manager.cpp,457,5
pausePolling,I2CDeviceManager,ho/System_I2C_Manager.cpp,601,5
resumePolling,I2CDeviceManager,ho/System_I2C_Manager.cpp,607,5
getImageCount,ImageManager,ho/System_ImageManager.cpp,360,5
getStorageStats,ImageManager,ho/System_ImageManager.cpp,477,5
llmLoadModel,,ho/System_LLM.cpp,746,5
freeTurnSlot,,ho/System_LLMChat.cpp,81,5
chatInit,,ho/System_LLMChat.cpp,217,5
chatBeginTurn,,ho/System_LLMChat.cpp,285,5
chatRetryLast,,ho/System_LLMChat.cpp,326,5
chatGetTurnInfo,,ho/System_LLMChat.cpp,435,5
llmKvCacheBytes,,ho/System_LLM_Internal.h,107,5
rmsnorm,,ho/System_LLM_Kernels.cpp,30,5
layernorm,,ho/System_LLM_Kernels.cpp,40,5
softmax,,ho/System_LLM_Kernels.cpp,55,5
vecAddInPlace,,ho/System_LLM_Kernels.cpp,68,5
sample_argmax,,ho/System_LLM_Sampler.cpp,24,5
stopMQTT,,ho/System_MQTT.cpp,946,5
mapLayersGetVisible,,ho/System_Maps.cpp,163,5
setViewport,OffscreenMapRenderer,ho/System_Maps.cpp,1375,5
clipLine,OffscreenMapRenderer,ho/System_Maps.cpp,1391,5
bresenhamLine,OffscreenMapRenderer,ho/System_Maps.cpp,1440,5
setViewport,OLEDMapRenderer,ho/System_Maps.cpp,1611,5
drawContextBar,OLEDMapRenderer,ho/System_Maps.cpp,1779,5
getFileCount,WaypointManager,ho/System_Maps.cpp,2350,5
findWaypointByName,WaypointManager,ho/System_Maps.cpp,2363,5
loadTrack,GPSTrackManager,ho/System_Maps.cpp,2621,5
getValidationMessage,GPSTrackManager,ho/System_Maps.cpp,2851,5
organizeMapFromAnyPath,,ho/System_Maps.cpp,3283,5
tryOrganizeLegacyWaypointsAtRoot,,ho/System_Maps.cpp,3305,5
hasPSRAMAvail,,ho/System_MemUtil.h,55,5
isKnown,,ho/System_MeshPeers.cpp,19,5
writeWavHeader,,ho/System_Microphone.cpp,187,5
stopRecording,,ho/System_Microphone.cpp,384,5
buildMicrophoneStatusJson,,ho/System_Microphone.cpp,724,5
getPowerModeName,,ho/System_Power.cpp,36,5
powerSleepTransitionAllowed,,ho/System_Power.cpp,250,5
powerSleepTransitionMark,,ho/System_Power.cpp,270,5
readU32LE,,ho/System_R1_Protocol.cpp,410,5
formatEpoch,,ho/System_R1_Protocol.cpp,423,5
freeHeapBytes,,ho/System_SelfDevice.cpp,21,5
putSecret,,ho/System_Settings.cpp,543,5
getSecret,,ho/System_Settings.cpp,547,5
cmd_espnowenabled,,ho/System_Settings.cpp,1319,5
cmd_serialrequireauth,,ho/System_Settings.cpp,1635,5
settingsLoadClampInt,,ho/System_Settings.cpp,1932,5
getWizardSystemPageCount,,ho/System_SetupWizard.cpp,269,5
getHeapBarData,,ho/System_SetupWizard.cpp,336,5
wizardModeMenuForPage,,ho/System_SetupWizard.cpp,592,5
wizardModeCurrentIndex,,ho/System_SetupWizard.cpp,598,5
wizardMoveUp,,ho/System_SetupWizard.cpp,737,5
wizardMoveDown,,ho/System_SetupWizard.cpp,754,5
wizardCycleOption,,ho/System_SetupWizard.cpp,771,5
createInputTask,,ho/System_TaskUtils.cpp,162,5
logoutTransport,,ho/System_User.cpp,373,5
cmd_pending_list,,ho/System_User.cpp,2053,5
cmd_serialrequireauth,,ho/System_User.cpp,3045,5
parseJsonInt,,ho/System_Utils.cpp,411,5
argLeadingTokenIsJson,,ho/System_Utils.cpp,1453,5
drawIconScaled,,ho/System_Utils.cpp,4152,5
normalizeCliArg,,ho/System_Utils.h,363,5
macToDisplayStr,,ho/System_Utils.h,395,5
peerCachePath,,ho/System_Utils.h,432,5
spiTeardown,,ho/System_VFS.cpp,110,5
isSDWritable,,ho/System_VFS.cpp,276,5
listVirtualEntries,,ho/System_VFS.cpp,344,5
mkdir,,ho/System_VFS.cpp,397,5
rmdir,,ho/System_VFS.cpp,459,5
cmd_wifirm,,ho/System_WiFi.cpp,200,5
cmd_wifiautoreconnect,,ho/System_WiFi.cpp,466,5
connectWiFiIndex,,ho/System_WiFi.cpp,603,5
cmd_httpstart,,ho/System_WiFi.cpp,951,5
cmd_httpstop,,ho/System_WiFi.cpp,975,5
cmd_certgen,,ho/System_WiFi.cpp,1090,5
setCorsHeaders,,ho/WebServer_MigrationTool.cpp,70,5
addDirectoryToBackup,,ho/WebServer_MigrationTool.cpp,129,5
broadcastEventToAllSessions,,ho/WebServer_Server.cpp,135,5
writeSessionCookie,,ho/WebServer_Server.cpp,258,5
hasLogoutReason,,ho/WebServer_Server.cpp,728,5
findLoginEntry,,ho/WebServer_Server.cpp,758,5
isLoginLocked,,ho/WebServer_Server.cpp,786,5
recordFailedLogin,,ho/WebServer_Server.cpp,812,5
broadcastSensorStatusToAllSessions,,ho/WebServer_Server.cpp,4638,5
anoI2cAddr,,ho/i2csensor_ano_encoder.cpp,123,5
anoLogHeap,,ho/i2csensor_ano_encoder.cpp,130,5
inputTask,,ho/i2csensor_ano_encoder.cpp,431,5
apdsBuildDataJSON,,ho/i2csensor_apds9960.cpp,75,5
rtcSyncToSystem,,ho/i2csensor_ds3231.cpp,215,5
rtcStartInternal,,ho/i2csensor_ds3231.cpp,569,5
thermalInit,,ho/i2csensor_mlx90640.cpp,449,5
thermalPoll,,ho/i2csensor_mlx90640.cpp,491,5
thermalBuildDataJSON,,ho/i2csensor_mlx90640.cpp,995,5
cmd_gpsstart,,ho/i2csensor_pa1010d.cpp,192,5
servoInit,,ho/i2csensor_pca9685.cpp,33,5
cmd_fmradio_mute,,ho/i2csensor_rda5807.cpp,648,5
cmd_fmradio_status,,ho/i2csensor_rda5807.cpp,670,5
inputTask,,ho/i2csensor_seesaw.cpp,425,5
presenceStartInternal,,ho/i2csensor_sths34pf80.cpp,268,5
bleRegisterPeer,,ho/BLE_Peers.cpp,71,6
findConnectionSlotByConnId,,ho/Bluetooth.cpp,100,6
disconnectBLE,,ho/Bluetooth.cpp,1115,6
sendBLEResponse,,ho/Bluetooth.cpp,1206,6
getBleModeString,,ho/Bluetooth.cpp,1909,6
pageSwapBegin,,ho/G2_Glasses.cpp,582,6
resetHijackListSwapCache,,ho/G2_Glasses.cpp,892,6
g2FindPageByHijackPage,,ho/G2_Glasses.cpp,3595,6
templeReset,,ho/G2_Glasses.cpp,6033,6
g2SendToRightTemple,,ho/G2_Glasses.cpp,6839,6
armCreateSlot,,ho/G2_Glasses.cpp,6987,6
waitCreateAck,,ho/G2_Glasses.cpp,7001,6
freePageSwapItems,,ho/G2_Glasses.cpp,7945,6
pageSwapEnqueue,,ho/G2_Glasses.cpp,8399,6
g2ShowTextAsList,,ho/G2_Glasses.cpp,9161,6
g2LensApplyContainer,,ho/G2_Glasses.cpp,10212,6
g2LensSetContainer,,ho/G2_Glasses.cpp,10235,6
g2HijackAuthContext,,ho/G2_HijackCmd.cpp,168,6
g2ShowCameraSettingsMenu,,ho/G2_Page_CameraSettings.cpp,566,6
navJsonPage,,ho/G2_Page_Files.cpp,428,6
showWiFiSavedList,,ho/G2_Page_Network.cpp,356,6
anoCell,,ho/G2_Page_Sensors.cpp,845,6
navJsonPage,,ho/G2_Page_Settings.cpp,419,6
spawnAIWorker,,ho/G2_Page_TestSuite.cpp,498,6
buildImageStreamingRows,,ho/G2_Page_TestSuite.cpp,791,6
buildSelectionRows,,ho/G2_Page_TestSuite.cpp,1165,6
buildCharsAsciiRows,,ho/G2_Page_TestSuite.cpp,1713,6
buildCharsUnicodeListRows,,ho/G2_Page_TestSuite.cpp,1731,6
g2BeginTextEntry,,ho/G2_Page_TextEntry.cpp,141,6
displayAnimation,,ho/OLED_Mode_Animations.cpp,471,6
extractStr,,ho/OLED_Mode_Automations.cpp,59,6
findIndexByTimestamp,,ho/OLED_Mode_CLI.cpp,29,6
drawFooter,,ho/OLED_Mode_LLM.cpp,244,6
handleFeaturesInput,,ho/OLED_SetupWizard.cpp,531,6
handleSensorsInput,,ho/OLED_SetupWizard.cpp,547,6
handleNetworkInput,,ho/OLED_SetupWizard.cpp,551,6
handleSystemInput,,ho/OLED_SetupWizard.cpp,555,6
oledScrollUp,,ho/OLED_Utils.cpp,946,6
oledScrollDown,,ho/OLED_Utils.cpp,966,6
oledScrollSetSplitPane,,ho/OLED_Utils.cpp,1040,6
oledKeyboardComplete,,ho/OLED_Utils.cpp,1901,6
i2cOledTransactionVoid,,ho/OLED_Utils.cpp,3110,6
i2cOledTransactionVoid,,ho/OLED_Utils.cpp,3462,6
i2cOledTransactionVoid,,ho/OLED_Utils.cpp,3709,6
i2cOledTransactionVoid,,ho/OLED_Utils.cpp,3769,6
i2cOledTransactionVoid,,ho/OLED_Utils.cpp,4231,6
invalidateDynamicMenu,,ho/OLED_Utils.cpp,4915,6
popOLEDMode,,ho/OLED_Utils.cpp,5237,6
applyOLEDBrightness,,ho/OLED_Utils.cpp,6208,6
anonSentinel,,ho/System_AuthIdentity.cpp,52,6
getBatteryStatusString,,ho/System_Battery.cpp,416,6
getBatteryIcon,,ho/System_Battery.cpp,435,6
renderHelpMain,,ho/System_CLI.cpp,102,6
cliExitMode,,ho/System_CLIMode.cpp,46,6
cameraPwrSend,,ho/System_Camera_DVP.cpp,984,6
initialize,DebugManager,ho/System_Debug.cpp,3017,6
incrementDebugDropped,DebugManager,ho/System_Debug.cpp,3036,6
logI2CError,,ho/System_Debug.cpp,3137,6
meshFingerprintForLabel,,ho/System_ESPNow.cpp,1154,6
v4_dispatch_post_cleanup,,ho/System_ESPNow.cpp,4105,6
findTopoStream,,ho/System_ESPNow.cpp,6716,6
macFromHexString,,ho/System_ESPNow.cpp,7247,6
meshSendEnvelopeToPeers,,ho/System_ESPNow.cpp,7517,6
sendBondedSensorData,,ho/System_ESPNow.cpp,11682,6
espnowUpdateSentDeliveryState,,ho/System_ESPNow.cpp,14334,6
espnowCryptoRandomBytes,,ho/System_ESPNow_Crypto.cpp,39,6
fileSlotsRelease,,ho/System_ESPNow_Files.cpp,324,6
ensureUnencryptedPeer,,ho/System_ESPNow_Handlers_Crypto.cpp,105,6
stopSensorDataStreaming,,ho/System_ESPNow_Sensors.cpp,373,6
statsBump,,ho/System_ESPNow_Tx.cpp,58,6
addVoiceCliMapping,,ho/System_ESPSR.cpp,361,6
isESPSRRunning,,ho/System_ESPSR.cpp,2656,6
getCurrentItem,FileManager,ho/System_FileManager.cpp,235,6
lookupRule,,ho/System_Filesystem.cpp,1218,6
roleName,,ho/System_Filesystem.cpp,1341,6
cleanupLogOrphan,,ho/System_Filesystem.cpp,1685,6
g2CrcCcittFalse,,ho/System_G2_Protocol.cpp,10,6
g2PbWriteTag,,ho/System_G2_Protocol.cpp,101,6
i2cSetDefaultWire1Clock,,ho/System_I2C.cpp,3026,6
i2cOledTransactionVoid,,ho/System_I2C.h,160,6
dequeueDeviceStart,,ho/System_I2C.h,316,6
getQueueDepth,,ho/System_I2C.h,331,6
initialize,I2CDeviceManager,ho/System_I2C_Manager.cpp,56,6
dequeueDeviceStart,I2CDeviceManager,ho/System_I2C_Manager.cpp,538,6
getQueueDepth,I2CDeviceManager,ho/System_I2C_Manager.cpp,593,6
recordSuccess,I2CDevice,ho/System_I2C_Manager.cpp,682,6
chatGetTurnCount,,ho/System_LLMChat.cpp,428,6
chatReadTurn,,ho/System_LLMChat.cpp,452,6
chatIsGenerating,,ho/System_LLMChat.cpp,494,6
ensureSubtypeVisibilityInited,,ho/System_Maps.cpp,156,6
getAvailableMaps,MapCore,ho/System_Maps.cpp,977,6
drawDashedLine,OffscreenMapRenderer,ho/System_Maps.cpp,1458,6
drawDottedLine,OffscreenMapRenderer,ho/System_Maps.cpp,1481,6
drawPositionMarker,OffscreenMapRenderer,ho/System_Maps.cpp,1525,6
shouldRenderFeature,OffscreenMapRenderer,ho/System_Maps.cpp,1587,6
drawDashedLine,OLEDMapRenderer,ho/System_Maps.cpp,1696,6
drawDottedLine,OLEDMapRenderer,ho/System_Maps.cpp,1726,6
drawPositionMarker,OLEDMapRenderer,ho/System_Maps.cpp,1745,6
shouldRenderFeature,OLEDMapRenderer,ho/System_Maps.cpp,1853,6
selectTarget,WaypointManager,ho/System_Maps.cpp,2410,6
setLiveTracking,GPSTrackManager,ho/System_Maps.cpp,2752,6
isMapFileByMagic,,ho/System_Maps.cpp,3263,6
__psAllocReportFallback,,ho/System_MemUtil.h,20,6
ps_calloc,,ho/System_MemUtil.h,168,6
ps_calloc,,ho/System_MemUtil.h,186,6
isHealthy,,ho/System_MeshPeers.cpp,9,6
getMicSoftwareGainMultiplier,,ho/System_Microphone.cpp,95,6
getMicDcOffset,,ho/System_Microphone.cpp,100,6
anonSentinel,,ho/System_Notifications.cpp,70,6
notifyCooldownOk,,ho/System_Notifications.cpp,178,6
notifyFileDeleted,,ho/System_Notifications.cpp,478,6
getDeviceFingerprint,,ho/System_Settings.cpp,318,6
handleSettingCommand,,ho/System_Settings.cpp,2139,6
getSystemItemAt,,ho/System_SetupWizard.cpp,279,6
wizardModeMenuForFeature,,ho/System_SetupWizard.cpp,584,6
wizardIsPageVisible,,ho/System_SetupWizard.cpp,650,6
wizardToggleCurrentItem,,ho/System_SetupWizard.cpp,711,6
g2PairedUserGet,,ho/System_User.cpp,37,6
updateUserLastSeen,,ho/System_User.cpp,935,6
timeSyncUpdateBootEpoch,,ho/System_Utils.cpp,737,6
writeText,,ho/System_Utils.cpp,800,6
buildSystemInfoJson,,ho/System_Utils.cpp,1478,6
syncNTPAndResolve,,ho/System_Utils.cpp,2162,6
getBitmapBit,,ho/System_Utils.cpp,4145,6
stripSdPrefix,,ho/System_VFS.cpp,335,6
cmd_wifitxpower,,ho/System_WiFi.cpp,432,6
findWiFiNetwork,,ho/System_WiFi.cpp,522,6
ensureWiFiInitialized,,ho/System_WiFi.cpp,1338,6
setupWiFi,,ho/System_WiFi.cpp,1357,6
webEspnowSendJsonEscapedString,,ho/WebPage_ESPNow.cpp,59,6
handleCorsOptions,,ho/WebServer_MigrationTool.cpp,76,6
addFileToBackup,,ho/WebServer_MigrationTool.cpp,106,6
setSession,,ho/WebServer_Server.cpp,276,6
clearLoginAttempts,,ho/WebServer_Server.cpp,838,6
getLogoutReason,,ho/WebServer_Server.cpp,1358,6
streamPasswordChangeInner,,ho/WebServer_Server.cpp,1555,6
startHttpServer,,ho/WebServer_Server.cpp,4786,6
getFileBrowserScript,,ho/WebServer_Utils.h,173,6
streamCommonCSS,,ho/WebServer_Utils.h,1235,6
rtcSyncFromSystem,,ho/i2csensor_ds3231.cpp,250,6
fuelGaugeReadReg16,,ho/i2csensor_max17048.cpp,50,6
gpsBuildDataJSON,,ho/i2csensor_pa1010d.cpp,315,6
gamepadLogHeap,,ho/i2csensor_seesaw.cpp,68,6
gamepadBuildDataJSON,,ho/i2csensor_seesaw.cpp,413,6
bleEnableStream,,ho/Bluetooth.cpp,2222,7
bleDisableStream,,ho/Bluetooth.cpp,2227,7
pageSwapEnd,,ho/G2_Glasses.cpp,585,7
g2SubmitBleConnect,,ho/G2_Glasses.cpp,6636,7
g2Connect,,ho/G2_Glasses.cpp,6658,7
g2Disconnect,,ho/G2_Glasses.cpp,6737,7
g2EnqueueLensJob,,ho/G2_Glasses.cpp,8429,7
g2HideEvenAICard,,ho/G2_Glasses.cpp,10844,7
tearDownActiveContainer,,ho/G2_Glasses.cpp,12390,7
stateName,,ho/G2_HijackFsm.cpp,41,7
showSubMenu,,ho/G2_Page_CameraSettings.cpp,500,7
ensureFm,,ho/G2_Page_Files.cpp,124,7
g2ShowNetworkMenu,,ho/G2_Page_Network.cpp,173,7
showBluetoothG2Menu,,ho/G2_Page_Network.cpp,564,7
showBluetoothR1Menu,,ho/G2_Page_Network.cpp,607,7
showHttpMenu,,ho/G2_Page_Network.cpp,1769,7
buildModuleRows,,ho/G2_Page_Settings.cpp,193,7
buildImageRows,,ho/G2_Page_TestSuite.cpp,746,7
buildDisplayRows,,ho/G2_Page_TestSuite.cpp,1096,7
buildBracketsRows,,ho/G2_Page_TestSuite.cpp,1786,7
g2RingDisconnect,,ho/G2_Ring.cpp,985,7
audioReadPcm,,ho/HAL_Audio.cpp,165,7
perfMarkSection,,ho/HardwareOne.cpp,967,7
heapLogSummary,,ho/HardwareOne.cpp,1116,7
showOLEDMessage,,ho/OLED_FirstTimeSetup.cpp,636,7
addBtItem,,ho/OLED_Mode_Bluetooth.cpp,60,7
getMenuAvailability,,ho/OLED_Mode_Menu.cpp,106,7
initPowerScrollStates,,ho/OLED_Mode_Power.cpp,25,7
startPatternKeyboard,,ho/OLED_Mode_SetPattern.cpp,45,7
isSettingVisible,,ho/OLED_SettingsEditor.cpp,26,7
oledPairingRibbonShow,,ho/OLED_UI.cpp,502,7
findOLEDMode,,ho/OLED_Utils.cpp,2896,7
enterUnavailablePage,,ho/OLED_Utils.cpp,3001,7
rotateCubePoint,,ho/OLED_Utils.cpp,3150,7
projectCubePoint,,ho/OLED_Utils.cpp,3176,7
getMenuAvailability,,ho/OLED_Utils.cpp,4927,7
updateInputState,,ho/OLED_Utils.cpp,5354,7
getNewlyPressedButtons,,ho/OLED_Utils.cpp,5383,7
oledUpdate,,ho/OLED_Utils.cpp,6193,7
bumpIdentityGeneration,,ho/System_AuthIdentity.cpp,13,7
getSlotReadOnly,,ho/System_AuthIdentity.cpp,74,7
findJsonObjectEnd,,ho/System_Automation.cpp,233,7
updateAutomationNextAt,,ho/System_Automation.cpp,539,7
evaluateCondition,,ho/System_Automation.cpp,2531,7
updateBattery,,ho/System_Battery.cpp,387,7
scLog,,ho/System_BleSecureChannel.cpp,24,7
scFind,,ho/System_BleSecureChannel.cpp,160,7
bleScReset,,ho/System_BleSecureChannel.cpp,174,7
cliInModeActive,,ho/System_CLIMode.cpp,61,7
lockCameraMutex,,ho/System_Camera_DVP.cpp,40,7
cameraPowerWorkerEnsureStarted,,ho/System_Camera_DVP.cpp,957,7
executeCommandThroughRegistry,,ho/System_Command.cpp,167,7
argFloat,CommandArgs,ho/System_Command.cpp,400,7
cmd_debugllm_impl,,ho/System_Debug.cpp,1386,7
v4_reasm_reset,,ho/System_ESPNow.cpp,136,7
v4_send_ack,,ho/System_ESPNow.cpp,2158,7
finalizeTopologyStream,,ho/System_ESPNow.cpp,6697,7
getMeshPeerMeta,,ho/System_ESPNow.cpp,7302,7
cmd_espnow_init,,ho/System_ESPNow.cpp,8958,7
sendBondStreamCtrl,,ho/System_ESPNow.cpp,11729,7
FileSlotsLockGuard,,ho/System_ESPNow_Files.cpp,46,7
fsListCancel,,ho/System_ESPNow_FsList.cpp,276,7
espnowKeyExInitiate,,ho/System_ESPNow_Handlers_Crypto.cpp,554,7
sessionIsASide,,ho/System_ESPNow_Handlers_Crypto.cpp,727,7
findSlotByMac,,ho/System_ESPNow_Identity.cpp,326,7
sessionIsASide,,ho/System_ESPNow_Sessions.cpp,104,7
ensureVoiceArmMutex,,ho/System_ESPSR.cpp,116,7
srSyncDebugLevel,,ho/System_ESPSR.cpp,285,7
freeModelResources,,ho/System_EdgeImpulse.cpp,418,7
getItem,FileManager,ho/System_FileManager.cpp,156,7
canRead,,ho/System_Filesystem.cpp,1411,7
setSetupProgressStage,,ho/System_FirstTimeSetup.cpp,110,7
g2PbWriteVarint,,ho/System_G2_Protocol.cpp,90,7
cmd_sensorstart_queued,,ho/System_I2C.cpp,316,7
i2cProbeAddress,,ho/System_I2C.h,236,7
i2cConfirmPresent,,ho/System_I2C.h,299,7
performBusRecovery,I2CDeviceManager,ho/System_I2C_Manager.cpp,310,7
ensureCaptureFolder,ImageManager,ho/System_ImageManager.cpp,96,7
listImages,ImageManager,ho/System_ImageManager.cpp,296,7
llmUnload,,ho/System_LLM.cpp,802,7
readChunked,,ho/System_LLM_Model.cpp,83,7
getFeatureStyle,MapRenderer,ho/System_Maps.cpp,254,7
loadMapFile,MapCore,ho/System_Maps.cpp,290,7
loadTileData,MapCore,ho/System_Maps.cpp,804,7
getFeatureStyle,OffscreenMapRenderer,ho/System_Maps.cpp,1569,7
getFeatureStyle,OLEDMapRenderer,ho/System_Maps.cpp,1821,7
addWaypoint,WaypointManager,ho/System_Maps.cpp,2259,7
addWaypoint,WaypointManager,ho/System_Maps.cpp,2276,7
validateTrack,GPSTrackManager,ho/System_Maps.cpp,2819,7
getRecordingCount,,ho/System_Microphone.cpp,412,7
getRecordingsList,,ho/System_Microphone.cpp,435,7
getRGBFromName,,ho/System_NeoPixel.cpp,170,7
getSlotReadOnly,,ho/System_Notifications.cpp,92,7
notifySettingChanged,,ho/System_Notifications.cpp,415,7
macString,,ho/System_SelfDevice.cpp,55,7
cmd_sensorlog,,ho/System_SensorLogging.cpp,595,7
getDeviceEncryptionKey,,ho/System_Settings.cpp,272,7
getUserSettingsPath,,ho/System_Settings.cpp,2447,7
systemPageHasNTP,,ho/System_SetupWizard.cpp,244,7
systemPageHasLED,,ho/System_SetupWizard.cpp,256,7
systemPageHasDeviceName,,ho/System_SetupWizard.cpp,261,7
verifyUserPassword,,ho/System_User.cpp,606,7
writeTextAtomic,,ho/System_Utils.cpp,815,7
parseBoolArg,,ho/System_Utils.h,198,7
connectToBestWiFiNetwork,,ho/System_WiFi.cpp,245,7
buildAllSessionsJson,,ho/WebServer_Server.cpp,652,7
sseDequeueNotice,,ho/WebServer_Server.cpp,4625,7
inputStartInternal,,ho/i2csensor_ano_encoder.cpp,206,7
bcdToDec,,ho/i2csensor_ds3231.cpp,61,7
decToBcd,,ho/i2csensor_ds3231.cpp,65,7
rtcReadTemperature,,ho/i2csensor_ds3231.cpp,142,7
rtcDateTimeToString,,ho/i2csensor_ds3231.cpp,317,7
rtcBuildDataJSON,,ho/i2csensor_ds3231.cpp,385,7
inputStartInternal,,ho/i2csensor_seesaw.cpp,108,7
readInt16,,ho/i2csensor_sths34pf80.cpp,161,7
appendSeparator,CompactJson,ho/BLE_Events.cpp,56,8
bleHasAuthenticatedSession,,ho/Bluetooth.cpp,159,8
initBluetooth,,ho/Bluetooth.cpp,815,8
stopBLEAdvertising,,ho/Bluetooth.cpp,1097,8
bleIsStreamEnabled,,ho/Bluetooth.cpp,2238,8
g2RingDump,,ho/G2_Glasses.cpp,364,8
g2MicSetAfeFeedActive,,ho/G2_Glasses.cpp,1485,8
peekVarint,,ho/G2_Glasses.cpp,1953,8
getG2StateString,,ho/G2_Glasses.cpp,6851,8
armRebuildSlot,,ho/G2_Glasses.cpp,7019,8
waitRebuildAck,,ho/G2_Glasses.cpp,7031,8
g2LensSetHijackActive,,ho/G2_Glasses.cpp,10224,8
g2LensClearOverlay,,ho/G2_Glasses.cpp,10265,8
currentPhase,,ho/G2_Page_ESPNow.cpp,97,8
showBroadcastMenu,,ho/G2_Page_ESPNow.cpp,469,8
renderCurrentJsonPage,,ho/G2_Page_Files.cpp,402,8
showSensorDetail,,ho/G2_Page_Sensors.cpp,580,8
g2ReshowSensorsDetail,,ho/G2_Page_Sensors.cpp,1160,8
renderCurrentJsonPage,,ho/G2_Page_Settings.cpp,381,8
buildRootRows,,ho/G2_Page_TestSuite.cpp,722,8
g2RingInit,,ho/G2_Ring.cpp,894,8
g2RingIsConnected,,ho/G2_Ring.cpp,993,8
fastSin,,ho/OLED_Mode_Animations.cpp,28,8
extractLong,,ho/OLED_Mode_Automations.cpp,74,8
drawWizardFooter,,ho/OLED_SetupWizard.cpp,63,8
shouldBlockForDisplayAuth,,ho/OLED_Utils.cpp,23,8
shouldBlockForDisplayAuth,,ho/OLED_Utils.cpp,2580,8
executeOLEDCommandWithResult,,ho/OLED_Utils.cpp,2638,8
getOLEDModeName,,ho/OLED_Utils.cpp,3927,8
resetOLEDMenu,,ho/OLED_Utils.cpp,5253,8
tryAutoStartInputForMenu,,ho/OLED_Utils.cpp,6059,8
peerMacBytes,,ho/System_BondedPeer.cpp,78,8
initCamera,,ho/System_Camera_DVP.cpp,168,8
buildCameraStatusJson,,ho/System_Camera_DVP.cpp,866,8
findCommand,,ho/System_Command.cpp,86,8
argBool,CommandArgs,ho/System_Command.cpp,410,8
isBondSessionTokenValid,,ho/System_ESPNow.cpp,817,8
noteMeshPeerRxActivity,,ho/System_ESPNow.cpp,7333,8
resetBondSync,,ho/System_ESPNow.cpp,12719,8
findOrCreatePeerHistory,,ho/System_ESPNow.cpp,14164,8
reset,,ho/System_ESPNow.h,289,8
reset,,ho/System_ESPNow.h,633,8
fsListInit,,ho/System_ESPNow_FsList.cpp,124,8
voiceStateToString,,ho/System_ESPSR.cpp,808,8
buildSensorStatusJson,,ho/System_I2C.cpp,2308,8
transaction,I2CDevice,ho/System_I2C_Manager.h,407,8
getActiveCount,WaypointManager,ho/System_Maps.cpp,2402,8
applyMicAudioProcessing,,ho/System_Microphone.cpp,112,8
runLEDEffect,,ho/System_NeoPixel.cpp,257,8
applySettings,,ho/System_Settings.cpp,593,8
buildSettingsJsonDoc,,ho/System_Settings.cpp,909,8
sessionStampNow,,ho/System_User.cpp,78,8
isWizardCancelRequested,,ho/System_Utils.cpp,709,8
logCommandExecution,,ho/System_Utils.cpp,880,8
redactCmdForAudit,,ho/System_Utils.cpp,1132,8
setupNTP,,ho/System_Utils.cpp,2134,8
drawIcon,,ho/System_Utils.cpp,4118,8
macToDisplay,,ho/System_Utils.h,389,8
wifiStatusToString,,ho/System_WiFi.cpp,488,8
loadIpBans,,ho/WebServer_Server.cpp,863,8
enqueueTargetedRevokeForSessionIdx,,ho/WebServer_Server.cpp,1044,8
sseEnqueueNotice,,ho/WebServer_Server.cpp,4602,8
appendDirect,WebMirrorBuf,ho/WebServer_Utils.cpp,102,8
streamChunk,,ho/WebServer_Utils.cpp,444,8
streamChunk,,ho/WebServer_Utils.cpp,448,8
rtcReadDateTime,,ho/i2csensor_ds3231.cpp,104,8
fmRadioInit,,ho/i2csensor_rda5807.cpp,128,8
fmRadioBuildDataJSON,,ho/i2csensor_rda5807.cpp,715,8
presenceBuildDataJSON,,ho/i2csensor_sths34pf80.cpp,478,8
appendString,CompactJson,ho/BLE_Events.cpp,61,9
blePushEvent,,ho/BLE_Events.cpp,185,9
deinitBluetooth,,ho/Bluetooth.cpp,1022,9
blePushEvent,,ho/Bluetooth.cpp,2189,9
deinitG2Client,,ho/G2_Glasses.cpp,6387,9
g2StopLiveTextPage,,ho/G2_Glasses.cpp,10121,9
g2ShowEvenAIReplyDirect,,ho/G2_Glasses.cpp,10858,9
g2ShowEvenAIReplyDirect,,ho/G2_Glasses.cpp,10878,9
probePrepImageCreateAck,,ho/G2_Glasses.cpp,12444,9
probeWaitImageCreateAck,,ho/G2_Glasses.cpp,12491,9
g2BumpMenuGen,,ho/G2_HijackCmd.cpp,54,9
showPeersMenu,,ho/G2_Page_ESPNow.cpp,337,9
oledEspNowInit,,ho/OLED_ESPNow.cpp,82,9
getOLEDWiFiSelection,,ho/OLED_FirstTimeSetup.cpp,343,9
goBackToMainMenu,,ho/OLED_Mode_Map.cpp,1281,9
setQuickStatus,,ho/OLED_SettingsEditor.cpp,772,9
drawWizardHeader,,ho/OLED_SetupWizard.cpp,40,9
getLineCount,OLEDConsoleBuffer,ho/OLED_Utils.cpp,2209,9
executeConditionalCommand,,ho/System_Automation.cpp,3016,9
notifyAutomationScheduler,,ho/System_Automation.cpp,3353,9
bleScRequired,,ho/System_BleSecureChannel.cpp,184,9
renderHelpModuleByName,,ho/System_CLI.cpp,451,9
put16,,ho/System_Camera_Video.cpp,95,9
isValidEpoch,,ho/System_Clock.cpp,24,9
findOrCreateTopoStream,,ho/System_ESPNow.cpp,6764,9
getCapabilityListLong,,ho/System_ESPNow.h,483,9
getEspNowModeString,,ho/System_ESPNow.h,1135,9
espnowIdentityGet,,ho/System_ESPNow_Identity.cpp,270,9
stringToSensorType,,ho/System_ESPNow_Sensors.cpp,201,9
loadCategories,,ho/System_ESPSR.cpp,489,9
navigate,FileManager,ho/System_FileManager.cpp,35,9
i2cShouldAutoDisable,,ho/System_I2C.h,360,9
isDegraded,I2CDevice,ho/System_I2C_Manager.cpp,774,9
isBusInitialized,,ho/System_I2C_Manager.h,278,9
findEmbeddedIcon,,ho/System_Icons.cpp,7627,9
findEmbeddedIcon,,ho/System_Icons.cpp,7648,9
getCaptureFolder,ImageManager,ho/System_ImageManager.cpp,87,9
unloadMap,MapCore,ho/System_Maps.cpp,728,9
getName,MapCore,ho/System_Maps.cpp,788,9
psramBypassGlobal,,ho/System_MemUtil.h,109,9
imuUpdateActions,,ho/System_SensorStubs.cpp,57,9
saveUserSettings,,ho/System_Settings.cpp,2480,9
wizardModeApply,,ho/System_SetupWizard.cpp,607,9
imuBuildDataJSON,,ho/i2csensor_bno055.cpp,586,9
imuUpdateActions,,ho/i2csensor_bno055.cpp,642,9
hasGPSFix,,ho/i2csensor_pa1010d.cpp,479,9
tofBuildDataJSON,,ho/i2csensor_vl53l4cx.cpp,520,9
findEmbeddedIcon,,ho/icons_embedded.cpp,6304,9
bleParseUuid128,,ho/BLE_IDF.cpp,125,10
bleRawNotify,,ho/Bluetooth.cpp,1156,10
getBLEStateString,,ho/Bluetooth.cpp,1324,10
bleSubsystemActive,,ho/Bluetooth.cpp,1915,10
initG2Client,,ho/G2_Glasses.cpp,6264,10
g2StopLiveListPage,,ho/G2_Glasses.cpp,9447,10
g2LensGetState,,ho/G2_Glasses.cpp,10169,10
g2LensClearContainer,,ho/G2_Glasses.cpp,10250,10
g2ShowEvenAIReply,,ho/G2_Glasses.cpp,10774,10
g2ShowEvenAIReply,,ho/G2_Glasses.cpp,10807,10
applyByCmd,,ho/G2_Page_CameraSettings.cpp,210,10
showEspNowMenu,,ho/G2_Page_Network.cpp,412,10
g2ShowSensorsMenu,,ho/G2_Page_Sensors.cpp,526,10
displayUpdate,,ho/HAL_Display.cpp,158,10
getOrCreateSlot,,ho/System_AuthIdentity.cpp,61,10
sanitizeAutomationsJson,,ho/System_Automation.cpp,330,10
computeNextRunTime,,ho/System_Automation.cpp,2443,10
fail,,ho/System_BondedPeer.cpp,37,10
exitToNormalBanner,,ho/System_CLI.cpp,309,10
stopCamera,,ho/System_Camera_DVP.cpp,639,10
drainDebugRing,,ho/System_Debug.cpp,567,10
saveMeshPeers,,ho/System_ESPNow.cpp,410,10
macToHexString,,ho/System_ESPNow.cpp,7242,10
isBondModeOnline,,ho/System_ESPNow.cpp,11655,10
implC,,ho/System_ESPNow_Files.cpp,57,10
espnowSessionOpenInitiate,,ho/System_ESPNow_Handlers_Crypto.cpp,945,10
loadDirectory,FileManager,ho/System_FileManager.cpp,381,10
isSensorAvailableForAutoStart,,ho/System_I2C.cpp,2874,10
queueHead,,ho/System_I2C_Manager.cpp,37,10
checkVec,,ho/System_LLM.cpp,251,10
llmIsReady,,ho/System_LLM.cpp,845,10
llmGetStatus,,ho/System_LLM.cpp,849,10
drainEngineLocked,,ho/System_LLMChat.cpp,167,10
sanitizeWaypointTextCopy,,ho/System_Maps.cpp,2082,10
haversineDistance,GPSTrackManager,ho/System_Maps.cpp,2502,10
clearTrack,GPSTrackManager,ho/System_Maps.cpp,2686,10
haversineDistance,LocationContextManager,ho/System_Maps.cpp,3586,10
psramAvailableRuntime,,ho/System_MemUtil.h,120,10
stopMicrophone,,ho/System_Microphone.cpp,529,10
getAudioLevel,,ho/System_Microphone.cpp,642,10
getOrCreateSlot,,ho/System_Notifications.cpp,79,10
loadUserSettings,,ho/System_Settings.cpp,2453,10
getTransportUser,,ho/System_User.cpp,522,10
submitCommandAsync,,ho/System_Utils.cpp,3890,10
upsertWiFiNetwork,,ho/System_WiFi.cpp,543,10
storeLogoutReason,,ho/WebServer_Server.cpp,679,10
noteOurShutdownSent,,ho/G2_Glasses.cpp,621,11
g2ProbeImageQ25SetPackPath,,ho/G2_Glasses.cpp,13665,11
setSub,,ho/G2_Page_ESPNow.cpp,52,11
showPeerDetail,,ho/G2_Page_ESPNow.cpp,415,11
showBluetoothMenu,,ho/G2_Page_Network.cpp,654,11
spawnImgProbeWorker,,ho/G2_Page_TestSuite.cpp,1027,11
readWizardJoystickNav,,ho/OLED_SetupWizard.cpp,467,11
oledDrawIcon,,ho/OLED_UI.cpp,63,11
oledDrawIcon,,ho/OLED_UI.cpp,98,11
oledKeyboardHandleInput,,ho/OLED_Utils.cpp,1526,11
streamDebugFlush,,ho/System_Debug.cpp,856,11
mnUpdateLocked,,ho/System_ESPSR.cpp,1487,11
getPermissions,,ho/System_Filesystem.cpp,1470,11
isAdminOnlyPath,,ho/System_Filesystem.cpp,1511,11
checkTaskStackSafety,,ho/System_I2C.h,213,11
saveWaypoints,WaypointManager,ho/System_Maps.cpp,2200,11
initMicrophone,,ho/System_Microphone.cpp,470,11
I2cLockGuard,I2cLockGuard,ho/System_Mutex.cpp,118,11
FileTransferGuard,FileTransferGuard,ho/System_Mutex.cpp,235,11
firmwareVersion,,ho/System_SelfDevice.cpp,76,11
subModeForPage,,ho/System_SetupWizardMode.cpp,151,11
getCommandModules,,ho/System_Utils.cpp,2507,11
runUnifiedSystemCommand,,ho/System_Utils.cpp,3969,11
startBLEAdvertising,,ho/Bluetooth.cpp,1075,12
osEventTypeName,,ho/G2_Glasses.cpp,3023,12
g2RegisterPage,,ho/G2_Glasses.cpp,3540,12
g2ShowEvenAIReplyNoAsk,,ho/G2_Glasses.cpp,10815,12
g2ShowEvenAIReplyNoAsk,,ho/G2_Glasses.cpp,10840,12
showMainMenu,,ho/G2_Page_ESPNow.cpp,295,12
oledToastShow,,ho/OLED_UI.cpp,152,12
systemLogAutoStart,,ho/System_Debug.cpp,3173,12
srSnipEndSession,,ho/System_ESPSR.cpp,1251,12
getWaypoint,WaypointManager,ho/System_Maps.cpp,2396,12
encryptString,,ho/System_Settings.cpp,343,12
decryptString,,ho/System_Settings.cpp,428,12
hashUserPassword,,ho/System_User.cpp,569,12
resolvePendingUserCreationTimes,,ho/System_User.cpp,2861,12
jsonEscape,,ho/System_Utils.cpp,624,12
executeCommand,,ho/System_Utils.cpp,3485,12
macToPathToken,,ho/System_Utils.h,402,12
rename,,ho/System_VFS.cpp,434,12
sseWrite,,ho/WebServer_Events.cpp,19,12
findSessionIndexBySID,,ho/WebServer_Server.cpp,185,12
isG2ClientInitialized,,ho/G2_Glasses.cpp,6403,13
buildRows,,ho/G2_Page_Files.cpp,158,13
oledContentPrint,,ho/OLED_Utils.cpp,772,13
oledKeyboardIsCancelled,,ho/OLED_Utils.cpp,1787,13
updateOLEDDisplay,,ho/OLED_Utils.cpp,3196,13
batteryLogEvent,,ho/System_Battery.cpp,670,13
cliCurrentMode,,ho/System_CLIMode.cpp,65,13
captureFrame,,ho/System_Camera_DVP.cpp,668,13
ageMs,,ho/System_Clock.h,71,13
broadcastOutputCore_Routed,,ho/System_Debug.cpp,753,13
sendFileToMac,,ho/System_ESPNow.cpp,11473,13
sendFileToMac,,ho/System_ESPNow.h,1428,13
ScopedLock,,ho/System_ESPNow_FsList.cpp,113,13
getLabelForIndex,,ho/System_EdgeImpulse.cpp,137,13
setDeviceBusAndReport,,ho/System_I2C.cpp,726,13
lockThermalCache,,ho/System_I2C.cpp,907,13
ChatLock,,ho/System_LLMChat.cpp,63,13
linear,,ho/System_LLM_Kernels.h,105,13
drawOverlayText,OLEDMapRenderer,ho/System_Maps.cpp,1766,13
isHeldByCurrentTask,,ho/System_Mutex.cpp,58,13
MeshRetryGuard,MeshRetryGuard,ho/System_Mutex.cpp,214,13
uptimeSeconds,,ho/System_SelfDevice.cpp,14,13
sessionIdleExpired,,ho/System_User.cpp,98,13
sessionIdleExpired,,ho/System_User.cpp,106,13
sessionIdleExpired,,ho/System_User.h,255,13
submitAndExecuteSync,,ho/System_Utils.cpp,3779,13
getStorageType,,ho/System_VFS.cpp,300,13
saveWiFiNetworks,,ho/System_WiFi.cpp,592,13
hijackFsmDispatch,,ho/G2_HijackFsm.cpp,325,14
getTimestamp,OLEDConsoleBuffer,ho/OLED_Utils.cpp,2233,14
oledMarkDirtyUntil,,ho/OLED_Utils.cpp,2685,14
isMeshPeerAlive,,ho/System_ESPNow.cpp,7364,14
mnCommandsReady,,ho/System_ESPSR.cpp,1475,14
isFeatureEnabled,,ho/System_FeatureRegistry.cpp,397,14
formatPath,,ho/System_FileManager.cpp,555,14
checkMemoryAvailable,,ho/System_MemoryMonitor.cpp,95,14
TopoStreamsGuard,TopoStreamsGuard,ho/System_Mutex.cpp,256,14
notifySensorStarted,,ho/System_Notifications.cpp,428,14
pollPause,,ho/System_PollPause.cpp,32,14
pollPaused,,ho/System_PollPause.cpp,48,14
sensorLogAutoStart,,ho/System_SensorLogging.cpp,1057,14
getUserIdByUsername,,ho/System_User.cpp,1001,14
sortWiFiByPriority,,ho/System_WiFi.cpp,528,14
isBLERunning,,ho/Bluetooth.cpp,1307,15
setNetSub,,ho/G2_Page_Network.cpp,70,15
oledKeyboardDisplay,,ho/OLED_Utils.cpp,1343,15
oledKeyboardIsCompleted,,ho/OLED_Utils.cpp,1783,15
unlockCameraMutex,,ho/System_Camera_DVP.cpp,47,15
v4_send_command_response,,ho/System_ESPNow.cpp,2554,15
getMeshPeerHealth,,ho/System_ESPNow.cpp,7274,15
broadcastSensorStatus,,ho/System_ESPNow_Sensors.cpp,273,15
requireQuotedToken,,ho/System_Filesystem.cpp,1305,15
llmPsramFree,,ho/System_LLM.cpp,197,15
llmValidationErr,,ho/System_LLM_Model.cpp,31,15
setLEDColor,,ho/System_NeoPixel.cpp,162,15
isTransportAuthenticated,,ho/System_User.cpp,496,15
isValidUser,,ho/System_User.cpp,971,15
makeWebAuthCtx,,ho/WebServer_Server.h,233,15
g2PushStatusEvent,,ho/G2_Glasses.cpp,10469,16
oledScrollClearKeepSelection,,ho/OLED_Utils.cpp,915,16
sessionClear,,ho/System_ESPNow_Sessions.cpp,96,16
handleDeviceStopped,,ho/System_I2C.cpp,2216,16
I2sMicLockGuard,I2sMicLockGuard,ho/System_Mutex.cpp,134,16
JsonBufferGuard,JsonBufferGuard,ho/System_Mutex.cpp,193,16
tgRequireAuth,,ho/System_User.cpp,159,16
tgRequireAuth,,ho/System_User.cpp,225,16
extractFormField,,ho/System_Utils.cpp,604,16
getTimestampPrefixMsCached,,ho/System_Utils.cpp,744,16
submitDeferredToCmdExec,,ho/System_Utils.cpp,3937,16
isAuthed,,ho/WebServer_Server.cpp,509,16
g2RedrawHijackMainMenu,,ho/G2_Glasses.cpp,4388,17
probeHoldUntilTapOrTimeout,,ho/G2_Glasses.cpp,12730,17
showWiFiMenu,,ho/G2_Page_Network.cpp,197,17
oledKeyboardGetText,,ho/OLED_Utils.cpp,1769,17
lockMN,,ho/System_ESPSR.cpp,1465,17
getDevice,I2CDeviceManager,ho/System_I2C_Manager.cpp,140,17
getWire,,ho/System_I2C_Manager.h,275,17
forward,,ho/System_LLM.cpp,282,17
normalize,,ho/System_VFS.cpp,306,17
getCookieSID,,ho/WebServer_Utils.cpp,260,17
sendBLEResponseToConn,,ho/Bluetooth.cpp,1220,18
g2FsmHijackActive,,ho/G2_Glasses.cpp,560,18
isG2Connected,,ho/G2_Glasses.cpp,6768,18
g2ShowFilesMenu,,ho/G2_Page_Files.cpp,610,18
oledScrollClampSelection,,ho/OLED_Utils.cpp,924,18
oledScrollHandleNav,,ho/OLED_Utils.cpp,1012,18
oledKeyboardIsActive,,ho/OLED_Utils.cpp,1773,18
writeAutomationsJsonAtomic,,ho/System_Automation.cpp,478,18
fourcc,,ho/System_Camera_Video.cpp,99,18
g2PbWriteString,,ho/System_G2_Protocol.cpp,114,18
llmPsramAlloc,,ho/System_LLM.cpp,189,18
OLEDMapRenderer,OLEDMapRenderer,ho/System_Maps.cpp,1605,18
urlDecode,,ho/System_Utils.cpp,575,18
appendAutoLogEntry,,ho/System_Utils.cpp,990,18
renameGuarded,,ho/System_VFS.cpp,824,18
isBLEConnected,,ho/Bluetooth.cpp,1111,19
oledScrollInit,,ho/OLED_Utils.cpp,857,19
isBLEConnected,,ho/System_Debug.cpp,291,19
resolveDeviceNameOrMac,,ho/System_ESPNow.cpp,6984,19
resolveDeviceNameOrMac,,ho/System_ESPNow.h,1424,19
getStats,,ho/System_ESPNow_Tx.cpp,230,19
__capture_mem_before,,ho/System_MemUtil.h,32,19
getSettingsModules,,ho/System_Settings.cpp,1880,19
getWizardTotalPages,,ho/System_SetupWizard.cpp,688,19
getWizardPageNumber,,ho/System_SetupWizard.cpp,696,19
getStats,,ho/System_VFS.cpp,478,19
g2ShowText,,ho/G2_Glasses.cpp,7724,20
probeFooter,,ho/G2_Glasses.cpp,12569,20
sessionFindByPeer,,ho/System_ESPNow_Sessions.cpp,37,20
unlockMN,,ho/System_ESPSR.cpp,1470,20
appendLineWithCap,,ho/System_Filesystem.cpp,1574,20
instance,,ho/System_MemUtil.h,314,20
EspNowTxGuard,EspNowTxGuard,ho/System_Mutex.cpp,277,20
exists,,ho/System_VFS.cpp,367,20
logAuthAttempt,,ho/WebServer_Server.cpp,1434,20
isSensorConnected,,ho/System_I2C.cpp,254,21
i2cPingAddress,,ho/System_I2C.h,259,21
isInQueue,,ho/System_I2C.h,321,21
isInQueue,I2CDeviceManager,ho/System_I2C_Manager.cpp,557,21
enqueueDeviceStart,,ho/System_I2C.h,311,22
enqueueDeviceStart,I2CDeviceManager,ho/System_I2C_Manager.cpp,513,22
wizardNextPage,,ho/System_SetupWizard.cpp,803,22
oledSetBootProgress,,ho/OLED_Utils.cpp,6183,23
isPaired,,ho/System_BondedPeer.cpp,66,23
tzOffsetMinutes,,ho/System_Clock.cpp,31,23
espnowAckErr,,ho/System_ESPNow.cpp,12216,23
webEspnowSendChunk,,ho/WebPage_ESPNow.cpp,46,23
appendRaw,CompactJson,ho/BLE_Events.cpp,43,24
eventName,,ho/G2_HijackFsm.cpp,52,24
oledKeyboardInit,,ho/OLED_Utils.cpp,1308,24
oledMarkDirty,,ho/OLED_Utils.cpp,2676,24
oledMenuBack,,ho/OLED_Utils.cpp,5191,24
isSelfMac,,ho/System_ESPNow.h,1168,24
executeUnifiedWebCommand,,ho/System_Utils.cpp,3992,24
streamPageWithContent,,ho/WebServer_Server.cpp,1122,24
streamChunkC,,ho/WebServer_Utils.cpp,429,24
displayTestExitToPicker,,ho/G2_Page_TestSuite.cpp,1594,25
append,OLEDConsoleBuffer,ho/OLED_Utils.cpp,2160,25
formatMacAddressBuf,,ho/System_ESPNow.cpp,6934,25
isBondSynced,,ho/System_ESPNow.cpp,11665,25
isFeatureCompiled,,ho/System_FeatureRegistry.cpp,391,25
writeSettingsJson,,ho/System_Settings.cpp,1011,25
webEspnowSendChunkf,,ho/WebPage_ESPNow.cpp,50,25
append,WebMirrorBuf,ho/WebServer_Utils.cpp,52,25
append,WebMirrorBuf,ho/WebServer_Utils.cpp,96,25
getEspNowDeviceName,,ho/System_ESPNow.cpp,7378,26
meshEnabled,,ho/System_ESPNow.h,1143,26
peerIdentityFindByMac,,ho/System_ESPNow_Identity.cpp,458,26
unlockThermalCache,,ho/System_I2C.cpp,911,26
getQueuePosition,,ho/System_I2C.h,326,26
getQueuePosition,I2CDeviceManager,ho/System_I2C_Manager.cpp,574,26
g2SetHijackPage,,ho/G2_Glasses.cpp,10298,27
probeTearDownActiveContainer,,ho/G2_Glasses.cpp,12412,27
i2cDeviceTransactionVoid,,ho/HAL_Display.cpp,173,27
i2cDeviceTransactionVoid,,ho/OLED_Utils.cpp,6212,27
i2cDeviceTransactionVoid,,ho/OLED_Utils.cpp,6321,27
i2cDeviceTransactionVoid,,ho/OLED_Utils.cpp,6437,27
i2cDeviceTransactionVoid,,ho/OLED_Utils.cpp,6449,27
i2cDeviceTransactionVoid,,ho/OLED_Utils.cpp,6475,27
i2cDeviceTransactionVoid,,ho/OLED_Utils.cpp,6485,27
i2cDeviceTransactionVoid,,ho/System_I2C.h,75,27
flush,OLEDMapRenderer,ho/System_Maps.cpp,1817,27
getClientIP,,ho/WebServer_Utils.cpp,199,27
getClientIP,,ho/WebServer_Utils.cpp,225,27
i2cDeviceTransactionVoid,,ho/i2csensor_pa1010d.cpp,153,27
i2cDeviceTransactionVoid,,ho/i2csensor_pca9685.cpp,106,27
i2cDeviceTransactionVoid,,ho/i2csensor_pca9685.cpp,222,27
i2cDeviceTransactionVoid,,ho/i2csensor_pca9685.cpp,255,27
i2cDeviceTransactionVoid,,ho/i2csensor_pca9685.cpp,266,27
i2cDeviceTransactionVoid,,ho/i2csensor_rda5807.cpp,149,27
i2cDeviceTransactionVoid,,ho/i2csensor_rda5807.cpp,200,27
i2cDeviceTransactionVoid,,ho/i2csensor_rda5807.cpp,253,27
i2cDeviceTransactionVoid,,ho/i2csensor_rda5807.cpp,556,27
i2cDeviceTransactionVoid,,ho/i2csensor_rda5807.cpp,585,27
i2cDeviceTransactionVoid,,ho/i2csensor_rda5807.cpp,636,27
i2cDeviceTransactionVoid,,ho/i2csensor_rda5807.cpp,662,27
i2cDeviceTransactionVoid,,ho/i2csensor_rda5807.cpp,690,27
i2cDeviceTransactionVoid,,ho/i2csensor_seesaw.cpp,315,27
i2cDeviceTransactionVoid,,ho/i2csensor_seesaw.cpp,333,27
i2cDeviceTransactionVoid,,ho/i2csensor_seesaw.cpp,369,27
updateParentDebugFlag,,ho/System_Debug.h,463,28
getFeatureById,,ho/System_FeatureRegistry.cpp,378,28
notifyWeb,,ho/System_Notifications.cpp,153,28
secureClearString,,ho/System_Utils.cpp,143,28
webBondSendChunk,,ho/WebPage_Bond.cpp,44,29
httpd_query_key_value,,ho/WebPage_Sensors.cpp,590,29
writeBackRow,,ho/G2_Page_Settings.cpp,102,30
writeBackRow,,ho/G2_Page_TestSuite.cpp,710,30
clear,,ho/System_ESPNow.h,225,30
PeerMessageHistory,,ho/System_ESPNow.h,595,30
g2PbSkipField,,ho/System_G2_Protocol.cpp,186,30
clear,OffscreenMapRenderer,ho/System_Maps.cpp,1380,30
drawPixel,OffscreenMapRenderer,ho/System_Maps.cpp,1385,30
clear,OLEDMapRenderer,ho/System_Maps.cpp,1616,30
waitForSerialInputBlocking,,ho/System_Utils.cpp,713,30
clear,WebMirrorBuf,ho/WebServer_Utils.cpp,43,30
init,OLEDConsoleBuffer,ho/OLED_Utils.cpp,2141,31
init,,ho/System_ESPNow_Tx.cpp,143,31
init,I2CDevice,ho/System_I2C_Manager.cpp,661,31
init,ImageManager,ho/System_ImageManager.cpp,41,31
tensorFileSize,,ho/System_LLM_Model.cpp,188,31
init,,ho/System_VFS.cpp,193,31
init,WebMirrorBuf,ho/WebServer_Utils.cpp,31,31
appendf,,ho/System_VFS.cpp,27,32
i2c,,ho/System_I2C_Manager.h,284,33
open,,ho/System_VFS.cpp,382,33
first_,,ho/BLE_Events.cpp,29,34
g2GetHijackPage,,ho/G2_Glasses.cpp,10295,34
setLlmError,,ho/System_LLM.cpp,207,34
fsLock,,ho/System_Mutex.cpp,102,34
pickEvenAIArm,,ho/G2_Glasses.cpp,10733,35
registerSettingsModule,,ho/System_Settings.cpp,1681,35
oledKeyboardReset,,ho/OLED_Utils.cpp,1335,36
formatMacAddress,,ho/System_ESPNow.cpp,6943,36
wizardPrevPage,,ho/System_SetupWizard.cpp,843,36
readText,,ho/System_Utils.cpp,782,36
remove,,ho/System_VFS.cpp,412,36
isAdminUser,,ho/System_User.cpp,258,37
oledConfirmRequest,,ho/OLED_Utils.cpp,1999,38
isSDAvailable,,ho/System_VFS.cpp,268,38
streamEndHtml,,ho/WebServer_Utils.cpp,608,38
removeGuarded,,ho/System_VFS.cpp,814,40
ReceivedTextMessage,,ho/System_ESPNow.h,565,41
appendPromptTo,,ho/System_SetupWizardMode.cpp,313,41
sendEnvelope,,ho/G2_Glasses.cpp,5371,43
FileManager,FileManager,ho/System_FileManager.cpp,23,43
g2PbEndNested,,ho/System_G2_Protocol.cpp,142,43
fsUnlock,,ho/System_Mutex.cpp,108,43
strncasecmp,,ho/WebPage_LLM.cpp,138,44
__attribute__,,ho/G2_Glasses.cpp,991,46
__attribute__,,ho/System_Automation.cpp,188,46
parseMacAddress,,ho/System_ESPNow.cpp,6948,47
sensorStatusBumpWith,,ho/System_I2C.cpp,2302,47
normalizePhrase,,ho/System_ESPSR.cpp,576,50
normalizePhrase,,ho/System_ESPSR.cpp,600,50
normalizePhrase,,ho/System_ESPSR.cpp,648,50
normalizePhrase,,ho/System_ESPSR.cpp,783,50
normalizePhrase,,ho/System_ESPSR.cpp,866,50
normalizePhrase,,ho/System_ESPSR.cpp,884,50
g2PbReadVarint,,ho/System_G2_Protocol.cpp,161,50
mkdirGuarded,,ho/System_VFS.cpp,841,53
requestOLEDMode,,ho/OLED_Utils.cpp,2765,54
sensorTypeToString,,ho/System_ESPNow_Sensors.cpp,184,54
put32,,ho/System_Camera_Video.cpp,89,55
getInstance,DebugManager,ho/System_Debug.cpp,3012,57
getInstance,I2CDeviceManager,ho/System_I2C_Manager.cpp,85,57
strncmp,,ho/System_Debug.cpp,169,58
strncmp,,ho/System_MQTT.cpp,338,58
peerName,,ho/System_BondedPeer.cpp,87,59
kv,CompactJson,ho/BLE_Events.cpp,99,62
kv,CompactJson,ho/BLE_Events.cpp,111,62
kv,CompactJson,ho/BLE_Events.cpp,123,62
kv,CompactJson,ho/BLE_Events.cpp,135,62
kv,CompactJson,ho/BLE_Events.cpp,147,62
kv,CompactJson,ho/BLE_Events.cpp,159,62
scaleCount,,ho/System_LLM_Kernels.h,65,62
pollResume,,ho/System_PollPause.cpp,40,62
allocSeq,,ho/G2_Glasses.cpp,981,64
probePostProbeShutdown,,ho/G2_Glasses.cpp,12528,70
generateMessageId,,ho/System_ESPNow.cpp,6633,79
argWantsJson,,ho/System_Utils.cpp,1433,82
executeOLEDCommand,,ho/OLED_Utils.cpp,2626,93
displayName,,ho/System_MeshPeers.cpp,23,95
webBondSendChunkf,,ho/WebPage_Bond.cpp,48,95
memcmp,,ho/OLED_ESPNow.cpp,1547,104
memcmp,,ho/System_ESPNow.cpp,163,104
memcmp,,ho/System_ESPNow.cpp,1399,104
memcmp,,ho/System_ESPNow.cpp,2887,104
memcmp,,ho/System_ESPNow.cpp,4109,104
memcmp,,ho/System_ESPNow.cpp,4545,104
memcmp,,ho/System_ESPNow.cpp,4666,104
memcmp,,ho/System_ESPNow.cpp,7462,104
memcmp,,ho/System_ESPNow.cpp,14340,104
memcmp,,ho/System_ESPNow_Sessions.cpp,43,104
memcmp,,ho/System_ESPNow_Sessions.cpp,56,104
xSemaphoreTake,,ho/System_MQTT.cpp,1501,104
argInt,CommandArgs,ho/System_Command.cpp,391,114
FsLockGuard,FsLockGuard,ho/System_Mutex.cpp,81,115
sendJsonResponse,,ho/WebServer_Utils.h,52,135
existsGuarded,,ho/System_VFS.cpp,802,146
existsGuarded,VFS,ho/WebServer_MigrationTool.cpp,652,146
openGuarded,,ho/System_VFS.cpp,769,162
INPUT_CHECK,,ho/OLED_SettingsEditor.cpp,702,167
g2PbWriteUint32,,ho/System_G2_Protocol.cpp,105,182
ps_alloc,,ho/System_MemUtil.h,133,203
ps_alloc,,ho/System_MemUtil.h,151,203
CommandArgs,CommandArgs,ho/System_Command.cpp,349,209
ensureDebugBuffer,,ho/System_Debug.cpp,550,220
ensureDebugBuffer,DebugManager,ho/System_Debug.cpp,3044,220
systemAuth,VFS,ho/System_ESPNow_Identity.cpp,119,234
systemAuth,,ho/System_VFS.cpp,869,234
systemAuth,,ho/System_VFS.cpp,882,234
remaining,CommandArgs,ho/System_Command.cpp,424,239
deviceName,,ho/System_SelfDevice.cpp,67,271
strcmp,,ho/BLE_Peers.cpp,84,290
strcmp,,ho/System_I2C.cpp,1074,290
strcmp,,ho/System_Utils.cpp,2611,290
strcmp,,ho/System_Utils.cpp,2654,290
value,CommandArgs,ho/System_Command.cpp,445,299
constexpr,,ho/System_I2C_Manager.h,355,324
constexpr,,ho/System_I2C_Manager.h,381,324
setSetting,,ho/System_Settings.h,1012,379
setSetting,,ho/System_Settings.h,1020,379
setSetting,,ho/System_Settings.h,1028,379
getDebugBuffer,DebugManager,ho/System_Debug.cpp,3040,681
arg,CommandArgs,ho/System_Command.cpp,386,797
broadcastOutput,,ho/HardwareOne.cpp,836,936
broadcastOutput,,ho/System_Debug.cpp,740,936
broadcastOutput,,ho/System_Debug.cpp,744,936
c_str,CompactJson,ho/BLE_Events.cpp,170,1553
void,,ho/G2_Glasses.cpp,8695,3579
void,,ho/G2_Glasses.cpp,8759,3579
void,,ho/G2_Glasses.cpp,8824,3579
bool,,ho/G2_Glasses.cpp,10056,4977
int,,ho/System_Camera_DVP.cpp,1247,5732
int,,ho/System_Camera_DVP.cpp,1635,5732
